Time, Num Carriers, CC CE, CC RE, #H C , #El C, #Ex C, #Ex D
0.000000, 0, 0, 0, 0, 0, 1, 0 
0.000000, 2, 0, 0, 0, 0, 1, 1 
0.000000, 2, 0, 0, 0, 0, 2, 1 
0.000000, 4, 0, 0, 0, 0, 2, 2 
0.000000, 4, 0, 0, 0, 0, 3, 2 
0.000000, 6, 0, 0, 0, 0, 3, 3 
0.000000, 6, 0, 0, 0, 0, 4, 3 
0.000000, 6, 0, 0, 0, 0, 5, 3 
0.000000, 8, 0, 0, 0, 0, 5, 4 
0.000000, 8, 0, 0, 0, 0, 6, 4 
0.000000, 10, 0, 0, 0, 0, 6, 5 
0.000000, 10, 0, 0, 0, 0, 7, 5 
0.000000, 12, 0, 0, 0, 0, 7, 6 
0.000000, 12, 0, 0, 0, 0, 8, 6 
0.000000, 14, 0, 0, 0, 0, 8, 7 
0.000000, 14, 0, 0, 0, 0, 9, 7 
0.000000, 16, 0, 0, 0, 0, 9, 8 
0.000000, 16, 0, 0, 0, 0, 10, 8 
0.000000, 16, 0, 0, 0, 0, 11, 8 
0.000000, 16, 0, 0, 0, 0, 12, 8 
0.000000, 16, 0, 0, 0, 0, 13, 8 
0.000000, 18, 0, 0, 0, 0, 13, 9 
0.000000, 18, 0, 0, 0, 0, 14, 9 
0.000000, 18, 0, 0, 0, 0, 15, 9 
0.000000, 18, 0, 0, 0, 0, 16, 9 
0.000000, 18, 0, 0, 0, 0, 17, 9 
0.000000, 20, 0, 0, 0, 0, 17, 10 
0.000000, 20, 0, 0, 0, 0, 18, 10 
0.000000, 22, 0, 0, 0, 0, 18, 11 
0.000000, 22, 0, 0, 0, 0, 19, 11 
0.000000, 24, 0, 0, 0, 0, 19, 12 
0.000000, 24, 0, 0, 0, 0, 20, 12 
0.000000, 26, 0, 0, 0, 0, 20, 13 
0.000000, 26, 0, 0, 0, 0, 21, 13 
0.000000, 26, 0, 0, 0, 0, 22, 13 
0.000000, 26, 0, 0, 0, 0, 23, 13 
0.000000, 28, 0, 0, 0, 0, 23, 14 
0.000000, 28, 0, 0, 0, 0, 24, 14 
0.000000, 30, 0, 0, 0, 0, 24, 15 
0.000000, 30, 0, 0, 0, 0, 25, 15 
0.000000, 32, 0, 0, 0, 0, 25, 16 
0.000000, 32, 0, 0, 0, 0, 26, 16 
0.000000, 34, 0, 0, 0, 0, 26, 17 
0.000000, 34, 0, 0, 0, 0, 27, 17 
0.000000, 34, 0, 0, 0, 0, 28, 17 
0.000000, 36, 0, 0, 0, 0, 28, 18 
0.000000, 36, 0, 0, 0, 0, 29, 18 
0.000000, 38, 0, 0, 0, 0, 29, 19 
0.000000, 38, 0, 0, 0, 0, 30, 19 
0.000000, 40, 0, 0, 0, 0, 30, 20 
0.000000, 40, 0, 0, 0, 0, 31, 20 
0.000000, 42, 0, 0, 0, 0, 31, 21 
0.000000, 42, 0, 0, 0, 0, 32, 21 
0.000000, 44, 0, 0, 0, 0, 32, 22 
0.000000, 44, 0, 0, 0, 0, 33, 22 
0.000000, 44, 0, 0, 0, 0, 34, 22 
0.000000, 44, 0, 0, 0, 0, 35, 22 
0.000000, 46, 0, 0, 0, 0, 35, 23 
0.000000, 46, 0, 0, 0, 0, 36, 23 
0.000000, 48, 0, 0, 0, 0, 36, 24 
0.000000, 48, 0, 0, 0, 0, 37, 24 
0.000000, 48, 0, 0, 0, 0, 38, 24 
0.000000, 50, 0, 0, 0, 0, 38, 25 
0.000000, 50, 0, 0, 0, 0, 39, 25 
0.000000, 52, 0, 0, 0, 0, 39, 26 
0.000000, 52, 0, 0, 0, 0, 40, 26 
0.000000, 54, 0, 0, 0, 0, 40, 27 
0.000000, 54, 0, 0, 0, 0, 41, 27 
0.000000, 54, 0, 0, 0, 0, 42, 27 
0.000000, 56, 0, 0, 0, 0, 42, 28 
0.000000, 56, 0, 0, 0, 0, 43, 28 
0.000000, 58, 0, 0, 0, 0, 43, 29 
0.000000, 58, 0, 0, 0, 0, 44, 29 
0.000000, 60, 0, 0, 0, 0, 44, 30 
0.000000, 60, 0, 0, 0, 0, 45, 30 
0.000000, 62, 0, 0, 0, 0, 45, 31 
0.000000, 62, 0, 0, 0, 0, 46, 31 
0.000000, 64, 0, 0, 0, 0, 46, 32 
0.000000, 64, 0, 0, 0, 0, 47, 32 
0.000000, 64, 0, 0, 0, 0, 48, 32 
0.000000, 66, 0, 0, 0, 0, 48, 33 
0.000000, 66, 0, 0, 0, 0, 49, 33 
0.000000, 66, 0, 0, 0, 0, 50, 33 
0.000000, 68, 0, 0, 0, 0, 50, 34 
0.000000, 68, 0, 0, 0, 0, 51, 34 
0.000000, 68, 0, 0, 0, 0, 52, 34 
0.000000, 70, 0, 0, 0, 0, 52, 35 
0.000000, 70, 0, 0, 0, 0, 53, 35 
0.000000, 72, 0, 0, 0, 0, 53, 36 
0.000000, 72, 0, 0, 0, 0, 54, 36 
0.000000, 74, 0, 0, 0, 0, 54, 37 
0.000000, 74, 0, 0, 0, 0, 55, 37 
0.000000, 76, 0, 0, 0, 0, 55, 38 
0.000000, 76, 0, 0, 0, 0, 56, 38 
0.000000, 76, 0, 0, 0, 0, 57, 38 
0.000000, 78, 0, 0, 0, 0, 57, 39 
0.000000, 78, 0, 0, 0, 0, 58, 39 
0.000000, 80, 0, 0, 0, 0, 58, 40 
0.000000, 80, 0, 0, 0, 0, 59, 40 
0.000000, 80, 0, 0, 0, 0, 60, 40 
0.000000, 82, 0, 0, 0, 0, 60, 41 
0.000000, 82, 0, 0, 0, 0, 61, 41 
0.000000, 84, 0, 0, 0, 0, 61, 42 
0.000000, 84, 0, 0, 0, 0, 62, 42 
0.000000, 84, 0, 0, 0, 0, 63, 42 
0.000000, 86, 0, 0, 0, 0, 63, 43 
0.000000, 86, 0, 0, 0, 0, 64, 43 
0.000000, 88, 0, 0, 0, 0, 64, 44 
0.000000, 88, 0, 0, 0, 0, 65, 44 
0.000000, 90, 0, 0, 0, 0, 65, 45 
0.000000, 90, 0, 0, 0, 0, 66, 45 
0.000000, 92, 0, 0, 0, 0, 66, 46 
0.000000, 92, 0, 0, 0, 0, 67, 46 
0.000000, 92, 0, 0, 0, 0, 68, 46 
0.000000, 92, 0, 0, 0, 0, 69, 46 
0.000000, 94, 0, 0, 0, 0, 69, 47 
0.000000, 94, 0, 0, 0, 0, 70, 47 
0.000000, 96, 0, 0, 0, 0, 70, 48 
0.000000, 96, 0, 0, 0, 0, 71, 48 
0.000000, 98, 0, 0, 0, 0, 71, 49 
0.000000, 98, 0, 0, 0, 0, 72, 49 
0.000000, 100, 0, 0, 0, 0, 72, 50 
0.000000, 100, 0, 0, 0, 0, 73, 50 
0.000000, 102, 0, 0, 0, 0, 73, 51 
0.000000, 102, 0, 0, 0, 0, 74, 51 
0.000000, 104, 0, 0, 0, 0, 74, 52 
0.000000, 104, 0, 0, 0, 0, 75, 52 
0.000000, 106, 0, 0, 0, 0, 75, 53 
0.000000, 106, 0, 0, 0, 0, 76, 53 
0.000000, 108, 0, 0, 0, 0, 76, 54 
0.000000, 108, 0, 0, 0, 0, 77, 54 
0.000000, 110, 0, 0, 0, 0, 77, 55 
0.000000, 110, 0, 0, 0, 0, 78, 55 
0.000000, 112, 0, 0, 0, 0, 78, 56 
0.000000, 112, 0, 0, 0, 0, 79, 56 
0.000000, 114, 0, 0, 0, 0, 79, 57 
0.000000, 114, 0, 0, 0, 0, 80, 57 
0.000000, 116, 0, 0, 0, 0, 80, 58 
0.000000, 116, 0, 0, 0, 0, 81, 58 
0.000000, 118, 0, 0, 0, 0, 81, 59 
0.000000, 118, 0, 0, 0, 0, 82, 59 
0.000000, 120, 0, 0, 0, 0, 82, 60 
0.000000, 120, 0, 0, 0, 0, 83, 60 
0.000000, 122, 0, 0, 0, 0, 83, 61 
0.000000, 122, 0, 0, 0, 0, 84, 61 
0.000000, 124, 0, 0, 0, 0, 84, 62 
0.000000, 124, 0, 0, 0, 0, 85, 62 
0.000000, 126, 0, 0, 0, 0, 85, 63 
0.000000, 126, 0, 0, 0, 0, 86, 63 
0.000000, 128, 0, 0, 0, 0, 86, 64 
0.000000, 128, 0, 0, 0, 0, 87, 64 
0.000000, 130, 0, 0, 0, 0, 87, 65 
0.000000, 130, 0, 0, 0, 0, 88, 65 
0.000000, 132, 0, 0, 0, 0, 88, 66 
0.000000, 132, 0, 0, 0, 0, 89, 66 
0.000000, 132, 0, 0, 0, 0, 90, 66 
0.000000, 134, 0, 0, 0, 0, 90, 67 
0.000000, 134, 0, 0, 0, 0, 91, 67 
0.000000, 136, 0, 0, 0, 0, 91, 68 
0.000000, 136, 0, 0, 0, 0, 92, 68 
0.000000, 138, 0, 0, 0, 0, 92, 69 
0.000000, 138, 0, 0, 0, 0, 93, 69 
0.000000, 140, 0, 0, 0, 0, 93, 70 
0.000000, 140, 0, 0, 0, 0, 94, 70 
0.000000, 142, 0, 0, 0, 0, 94, 71 
0.000000, 142, 0, 0, 0, 0, 95, 71 
0.000000, 144, 0, 0, 0, 0, 95, 72 
0.000000, 144, 0, 0, 0, 0, 96, 72 
0.000000, 146, 0, 0, 0, 0, 96, 73 
0.000000, 146, 0, 0, 0, 0, 97, 73 
0.000000, 148, 0, 0, 0, 0, 97, 74 
0.000000, 148, 0, 0, 0, 0, 98, 74 
0.000000, 150, 0, 0, 0, 0, 98, 75 
0.000000, 150, 0, 0, 0, 0, 99, 75 
0.000000, 152, 0, 0, 0, 0, 99, 76 
0.000000, 152, 0, 0, 0, 0, 100, 76 
0.000000, 154, 0, 0, 0, 0, 100, 77 
0.000000, 154, 0, 0, 0, 0, 101, 77 
0.000000, 156, 0, 0, 0, 0, 101, 78 
0.000000, 156, 0, 0, 0, 0, 102, 78 
0.000000, 158, 0, 0, 0, 0, 102, 79 
0.000000, 158, 0, 0, 0, 0, 103, 79 
0.000000, 160, 0, 0, 0, 0, 103, 80 
0.000000, 160, 0, 0, 0, 0, 104, 80 
0.000000, 162, 0, 0, 0, 0, 104, 81 
0.000000, 162, 0, 0, 0, 0, 105, 81 
0.000000, 164, 0, 0, 0, 0, 105, 82 
0.000000, 164, 0, 0, 0, 0, 106, 82 
0.000000, 166, 0, 0, 0, 0, 106, 83 
0.000000, 166, 0, 0, 0, 0, 107, 83 
0.000000, 168, 0, 0, 0, 0, 107, 84 
0.000000, 168, 0, 0, 0, 0, 108, 84 
0.000000, 168, 0, 0, 0, 0, 109, 84 
0.000000, 170, 0, 0, 0, 0, 109, 85 
0.000000, 170, 0, 0, 0, 0, 110, 85 
0.000000, 172, 0, 0, 0, 0, 110, 86 
0.000000, 172, 0, 0, 0, 0, 111, 86 
0.000000, 172, 0, 0, 0, 0, 112, 86 
0.000000, 174, 0, 0, 0, 0, 112, 87 
0.000000, 174, 0, 0, 0, 0, 113, 87 
0.000000, 176, 0, 0, 0, 0, 113, 88 
0.000000, 176, 0, 0, 0, 0, 114, 88 
0.000000, 178, 0, 0, 0, 0, 114, 89 
0.000000, 178, 0, 0, 0, 0, 115, 89 
0.000000, 180, 0, 0, 0, 0, 115, 90 
0.000000, 180, 0, 0, 0, 0, 116, 90 
0.000000, 182, 0, 0, 0, 0, 116, 91 
0.000000, 182, 0, 0, 0, 0, 117, 91 
0.000000, 184, 0, 0, 0, 0, 117, 92 
0.000000, 184, 0, 0, 0, 0, 118, 92 
0.000000, 186, 0, 0, 0, 0, 118, 93 
0.000000, 186, 0, 0, 0, 0, 119, 93 
0.000000, 186, 0, 0, 0, 0, 120, 93 
0.000000, 188, 0, 0, 0, 0, 120, 94 
0.000000, 188, 0, 0, 0, 0, 121, 94 
0.000000, 190, 0, 0, 0, 0, 121, 95 
0.000000, 190, 0, 0, 0, 0, 122, 95 
0.000000, 192, 0, 0, 0, 0, 122, 96 
0.000000, 192, 0, 0, 0, 0, 123, 96 
0.000000, 192, 0, 0, 0, 0, 124, 96 
0.000000, 194, 0, 0, 0, 0, 124, 97 
0.000000, 194, 0, 0, 0, 0, 125, 97 
0.000000, 196, 0, 0, 0, 0, 125, 98 
0.000000, 196, 0, 0, 0, 0, 126, 98 
0.000000, 198, 0, 0, 0, 0, 126, 99 
0.000000, 198, 0, 0, 0, 0, 127, 99 
0.000000, 200, 0, 0, 0, 0, 127, 100 
0.000000, 200, 0, 0, 0, 0, 128, 100 
0.000000, 200, 0, 0, 0, 0, 129, 100 
0.000000, 202, 0, 0, 0, 0, 129, 101 
0.000000, 202, 0, 0, 0, 0, 130, 101 
0.000000, 204, 0, 0, 0, 0, 130, 102 
0.000000, 204, 0, 0, 0, 0, 131, 102 
0.000000, 206, 0, 0, 0, 0, 131, 103 
0.000000, 206, 0, 0, 0, 0, 132, 103 
0.000000, 206, 0, 0, 0, 0, 133, 103 
0.000000, 208, 0, 0, 0, 0, 133, 104 
0.000000, 208, 0, 0, 0, 0, 134, 104 
0.000000, 210, 0, 0, 0, 0, 134, 105 
0.000000, 210, 0, 0, 0, 0, 135, 105 
0.000000, 212, 0, 0, 0, 0, 135, 106 
0.000000, 212, 0, 0, 0, 0, 136, 106 
0.000000, 214, 0, 0, 0, 0, 136, 107 
0.000000, 214, 0, 0, 0, 0, 137, 107 
0.000000, 216, 0, 0, 0, 0, 137, 108 
0.000000, 216, 0, 0, 0, 0, 138, 108 
0.000000, 218, 0, 0, 0, 0, 138, 109 
0.000000, 218, 0, 0, 0, 0, 139, 109 
0.000000, 220, 0, 0, 0, 0, 139, 110 
0.000000, 220, 0, 0, 0, 0, 140, 110 
0.000000, 222, 0, 0, 0, 0, 140, 111 
0.000000, 221, 1, 0, 0, 1, 140, 111 
0.000000, 221, 1, 0, 0, 1, 141, 111 
0.000000, 223, 1, 0, 0, 1, 141, 112 
0.000000, 223, 1, 0, 0, 1, 142, 112 
0.000000, 225, 1, 0, 0, 1, 142, 113 
0.000000, 225, 1, 0, 0, 1, 143, 113 
0.000000, 227, 1, 0, 0, 1, 143, 114 
0.000000, 227, 1, 0, 0, 1, 144, 114 
0.000000, 229, 1, 0, 0, 1, 144, 115 
0.000000, 229, 1, 0, 0, 1, 145, 115 
0.000000, 231, 1, 0, 0, 1, 145, 116 
0.000000, 231, 1, 0, 0, 1, 146, 116 
0.000000, 233, 1, 0, 0, 1, 146, 117 
0.000000, 233, 1, 0, 0, 1, 147, 117 
0.000000, 235, 1, 0, 0, 1, 147, 118 
0.000000, 235, 1, 0, 0, 1, 148, 118 
0.000000, 237, 1, 0, 0, 1, 148, 119 
0.000000, 237, 1, 0, 0, 1, 149, 119 
0.000000, 239, 1, 0, 0, 1, 149, 120 
0.000000, 239, 1, 0, 0, 1, 150, 120 
0.000000, 241, 1, 0, 0, 1, 150, 121 
0.000000, 241, 1, 0, 0, 1, 151, 121 
0.000000, 243, 1, 0, 0, 1, 151, 122 
0.000000, 243, 1, 0, 0, 1, 152, 122 
0.000000, 245, 1, 0, 0, 1, 152, 123 
0.000000, 245, 1, 0, 0, 1, 153, 123 
0.000000, 247, 1, 0, 0, 1, 153, 124 
0.000000, 247, 1, 0, 0, 1, 154, 124 
0.000000, 249, 1, 0, 0, 1, 154, 125 
0.000000, 249, 1, 0, 0, 1, 155, 125 
0.000000, 251, 1, 0, 0, 1, 155, 126 
0.000000, 251, 1, 0, 0, 1, 156, 126 
0.000000, 253, 1, 0, 0, 1, 156, 127 
0.000000, 253, 1, 0, 0, 1, 157, 127 
0.000000, 253, 1, 0, 0, 1, 158, 127 
0.000000, 255, 1, 0, 0, 1, 158, 128 
0.000000, 255, 1, 0, 0, 1, 159, 128 
0.000000, 257, 1, 0, 0, 1, 159, 129 
0.000000, 257, 1, 0, 0, 1, 160, 129 
0.000000, 259, 1, 0, 0, 1, 160, 130 
0.000000, 259, 1, 0, 0, 1, 161, 130 
0.000000, 259, 1, 0, 0, 1, 162, 130 
0.000000, 261, 1, 0, 0, 1, 162, 131 
0.000000, 261, 1, 0, 0, 1, 163, 131 
0.000000, 263, 1, 0, 0, 1, 163, 132 
0.000000, 263, 1, 0, 0, 1, 164, 132 
0.000000, 265, 1, 0, 0, 1, 164, 133 
0.000000, 265, 1, 0, 0, 1, 165, 133 
0.000000, 267, 1, 0, 0, 1, 165, 134 
0.000000, 267, 1, 0, 0, 1, 166, 134 
0.000000, 269, 1, 0, 0, 1, 166, 135 
0.000000, 269, 1, 0, 0, 1, 167, 135 
0.000000, 271, 1, 0, 0, 1, 167, 136 
0.000000, 271, 1, 0, 0, 1, 168, 136 
0.000000, 273, 1, 0, 0, 1, 168, 137 
0.000000, 273, 1, 0, 0, 1, 169, 137 
0.000000, 275, 1, 0, 0, 1, 169, 138 
0.000000, 275, 1, 0, 0, 1, 170, 138 
0.000000, 277, 1, 0, 0, 1, 170, 139 
0.000000, 277, 1, 0, 0, 1, 171, 139 
0.000000, 279, 1, 0, 0, 1, 171, 140 
0.000000, 279, 1, 0, 0, 1, 172, 140 
0.000000, 281, 1, 0, 0, 1, 172, 141 
0.000000, 281, 1, 0, 0, 1, 173, 141 
0.000000, 283, 1, 0, 0, 1, 173, 142 
0.000000, 283, 1, 0, 0, 1, 174, 142 
0.000000, 285, 1, 0, 0, 1, 174, 143 
0.000000, 285, 1, 0, 0, 1, 175, 143 
0.000000, 285, 1, 0, 0, 1, 176, 143 
0.000000, 287, 1, 0, 0, 1, 176, 144 
0.000000, 287, 1, 0, 0, 1, 177, 144 
0.000000, 289, 1, 0, 0, 1, 177, 145 
0.000000, 289, 1, 0, 0, 1, 178, 145 
0.000000, 291, 1, 0, 0, 1, 178, 146 
0.000000, 291, 1, 0, 0, 1, 179, 146 
0.000000, 291, 1, 0, 0, 1, 180, 146 
0.000000, 293, 1, 0, 0, 1, 180, 147 
0.000000, 293, 1, 0, 0, 1, 181, 147 
0.000000, 295, 1, 0, 0, 1, 181, 148 
0.000000, 294, 2, 0, 0, 2, 181, 148 
0.000000, 294, 2, 0, 0, 2, 182, 148 
0.000000, 296, 2, 0, 0, 2, 182, 149 
0.000000, 296, 2, 0, 0, 2, 183, 149 
0.000000, 298, 2, 0, 0, 2, 183, 150 
0.000000, 298, 2, 0, 0, 2, 184, 150 
0.000000, 300, 2, 0, 0, 2, 184, 151 
0.000000, 300, 2, 0, 0, 2, 185, 151 
0.000000, 300, 2, 0, 0, 2, 186, 151 
0.000000, 302, 2, 0, 0, 2, 186, 152 
0.000000, 302, 2, 0, 0, 2, 187, 152 
0.000000, 304, 2, 0, 0, 2, 187, 153 
0.000000, 304, 2, 0, 0, 2, 188, 153 
0.000000, 306, 2, 0, 0, 2, 188, 154 
0.000000, 306, 2, 0, 0, 2, 189, 154 
0.000000, 308, 2, 0, 0, 2, 189, 155 
0.000000, 308, 2, 0, 0, 2, 190, 155 
0.000000, 310, 2, 0, 0, 2, 190, 156 
0.000000, 310, 2, 0, 0, 2, 191, 156 
0.000000, 312, 2, 0, 0, 2, 191, 157 
0.000000, 312, 2, 0, 0, 2, 192, 157 
0.000000, 314, 2, 0, 0, 2, 192, 158 
0.000000, 314, 2, 0, 0, 2, 193, 158 
0.000000, 316, 2, 0, 0, 2, 193, 159 
0.000000, 316, 2, 0, 0, 2, 194, 159 
0.000000, 316, 2, 0, 0, 2, 195, 159 
0.000000, 318, 2, 0, 0, 2, 195, 160 
0.000000, 318, 2, 0, 0, 2, 196, 160 
0.000000, 320, 2, 0, 0, 2, 196, 161 
0.000000, 320, 2, 0, 0, 2, 197, 161 
0.000000, 320, 2, 0, 0, 2, 198, 161 
0.000000, 322, 2, 0, 0, 2, 198, 162 
0.000000, 322, 2, 0, 0, 2, 199, 162 
0.000000, 324, 2, 0, 0, 2, 199, 163 
0.000000, 323, 3, 0, 0, 3, 199, 163 
0.000000, 323, 3, 0, 0, 3, 200, 163 
0.000000, 325, 3, 0, 0, 3, 200, 164 
0.000000, 325, 3, 0, 0, 3, 201, 164 
0.000000, 327, 3, 0, 0, 3, 201, 165 
0.000000, 327, 3, 0, 0, 3, 202, 165 
0.000000, 329, 3, 0, 0, 3, 202, 166 
0.000000, 329, 3, 0, 0, 3, 203, 166 
0.000000, 329, 3, 0, 0, 3, 204, 166 
0.000000, 331, 3, 0, 0, 3, 204, 167 
0.000000, 331, 3, 0, 0, 3, 205, 167 
0.000000, 333, 3, 0, 0, 3, 205, 168 
0.000000, 333, 3, 0, 0, 3, 206, 168 
0.000000, 335, 3, 0, 0, 3, 206, 169 
0.000000, 335, 3, 0, 0, 3, 207, 169 
0.000000, 337, 3, 0, 0, 3, 207, 170 
0.000000, 337, 3, 0, 0, 3, 208, 170 
0.000000, 339, 3, 0, 0, 3, 208, 171 
0.000000, 339, 3, 0, 0, 3, 209, 171 
0.000000, 341, 3, 0, 0, 3, 209, 172 
0.000000, 341, 3, 0, 0, 3, 210, 172 
0.000000, 341, 3, 0, 0, 3, 211, 172 
0.000000, 343, 3, 0, 0, 3, 211, 173 
0.000000, 343, 3, 0, 0, 3, 212, 173 
0.000000, 345, 3, 0, 0, 3, 212, 174 
0.000000, 345, 3, 0, 0, 3, 213, 174 
0.000000, 347, 3, 0, 0, 3, 213, 175 
0.000000, 347, 3, 0, 0, 3, 214, 175 
0.000000, 347, 3, 0, 0, 3, 215, 175 
0.000000, 347, 3, 0, 0, 3, 216, 175 
0.000000, 349, 3, 0, 0, 3, 216, 176 
0.000000, 349, 3, 0, 0, 3, 217, 176 
0.000000, 351, 3, 0, 0, 3, 217, 177 
0.000000, 351, 3, 0, 0, 3, 218, 177 
0.000000, 351, 3, 0, 0, 3, 219, 177 
0.000000, 353, 3, 0, 0, 3, 219, 178 
0.000000, 353, 3, 0, 0, 3, 220, 178 
0.000000, 355, 3, 0, 0, 3, 220, 179 
0.000000, 355, 3, 0, 0, 3, 221, 179 
0.000000, 357, 3, 0, 0, 3, 221, 180 
0.000000, 357, 3, 0, 0, 3, 222, 180 
0.000000, 359, 3, 0, 0, 3, 222, 181 
0.000000, 359, 3, 0, 0, 3, 223, 181 
0.000000, 361, 3, 0, 0, 3, 223, 182 
0.000000, 361, 3, 0, 0, 3, 224, 182 
0.000000, 363, 3, 0, 0, 3, 224, 183 
0.000000, 363, 3, 0, 0, 3, 225, 183 
0.000000, 365, 3, 0, 0, 3, 225, 184 
0.000000, 365, 3, 0, 0, 3, 226, 184 
0.000000, 367, 3, 0, 0, 3, 226, 185 
0.000000, 367, 3, 0, 0, 3, 227, 185 
0.000000, 369, 3, 0, 0, 3, 227, 186 
0.000000, 369, 3, 0, 0, 3, 228, 186 
0.000000, 371, 3, 0, 0, 3, 228, 187 
0.000000, 371, 3, 0, 0, 3, 229, 187 
0.000000, 373, 3, 0, 0, 3, 229, 188 
0.000000, 373, 3, 0, 0, 3, 230, 188 
0.000000, 373, 3, 0, 0, 3, 231, 188 
0.000000, 373, 3, 0, 0, 3, 232, 188 
0.000000, 375, 3, 0, 0, 3, 232, 189 
0.000000, 375, 3, 0, 0, 3, 233, 189 
0.000000, 377, 3, 0, 0, 3, 233, 190 
0.000000, 377, 3, 0, 0, 3, 234, 190 
0.000000, 379, 3, 0, 0, 3, 234, 191 
0.000000, 379, 3, 0, 0, 3, 235, 191 
0.000000, 381, 3, 0, 0, 3, 235, 192 
0.000000, 381, 3, 0, 0, 3, 236, 192 
0.000000, 383, 3, 0, 0, 3, 236, 193 
0.000000, 383, 3, 0, 0, 3, 237, 193 
0.000000, 385, 3, 0, 0, 3, 237, 194 
0.000000, 385, 3, 0, 0, 3, 238, 194 
0.000000, 385, 3, 0, 0, 3, 239, 194 
0.000000, 387, 3, 0, 0, 3, 239, 195 
0.000000, 387, 3, 0, 0, 3, 240, 195 
0.000000, 387, 3, 0, 0, 3, 241, 195 
0.000000, 389, 3, 0, 0, 3, 241, 196 
0.000000, 388, 4, 0, 1, 3, 241, 196 
0.000000, 388, 4, 0, 1, 3, 242, 196 
0.000000, 388, 4, 0, 1, 3, 243, 196 
0.000000, 388, 4, 0, 1, 3, 244, 196 
0.000000, 390, 4, 0, 1, 3, 244, 197 
0.000000, 390, 4, 0, 1, 3, 245, 197 
0.000000, 392, 4, 0, 1, 3, 245, 198 
0.000000, 392, 4, 0, 1, 3, 246, 198 
0.000000, 394, 4, 0, 1, 3, 246, 199 
0.000000, 394, 4, 0, 1, 3, 247, 199 
0.000000, 396, 4, 0, 1, 3, 247, 200 
0.000000, 396, 4, 0, 1, 3, 248, 200 
0.000000, 398, 4, 0, 1, 3, 248, 201 
0.000000, 398, 4, 0, 1, 3, 249, 201 
0.000000, 400, 4, 0, 1, 3, 249, 202 
0.000000, 400, 4, 0, 1, 3, 250, 202 
0.000000, 400, 4, 0, 1, 3, 251, 202 
0.000000, 400, 4, 0, 1, 3, 252, 202 
0.000000, 400, 4, 0, 1, 3, 253, 202 
0.000000, 402, 4, 0, 1, 3, 253, 203 
0.000000, 401, 5, 0, 1, 4, 253, 203 
0.000000, 401, 5, 0, 1, 4, 254, 203 
0.000000, 403, 5, 0, 1, 4, 254, 204 
0.000000, 403, 5, 0, 1, 4, 255, 204 
0.000000, 405, 5, 0, 1, 4, 255, 205 
0.000000, 405, 5, 0, 1, 4, 256, 205 
0.000000, 407, 5, 0, 1, 4, 256, 206 
0.000000, 407, 5, 0, 1, 4, 257, 206 
0.000000, 409, 5, 0, 1, 4, 257, 207 
0.000000, 409, 5, 0, 1, 4, 258, 207 
0.000000, 411, 5, 0, 1, 4, 258, 208 
0.000000, 411, 5, 0, 1, 4, 259, 208 
0.000000, 413, 5, 0, 1, 4, 259, 209 
0.000000, 413, 5, 0, 1, 4, 260, 209 
0.000000, 415, 5, 0, 1, 4, 260, 210 
0.000000, 415, 5, 0, 1, 4, 261, 210 
0.000000, 417, 5, 0, 1, 4, 261, 211 
0.000000, 417, 5, 0, 1, 4, 262, 211 
0.000000, 419, 5, 0, 1, 4, 262, 212 
0.000000, 419, 5, 0, 1, 4, 263, 212 
0.000000, 421, 5, 0, 1, 4, 263, 213 
0.000000, 421, 5, 0, 1, 4, 264, 213 
0.000000, 423, 5, 0, 1, 4, 264, 214 
0.000000, 423, 5, 0, 1, 4, 265, 214 
0.000000, 423, 5, 0, 1, 4, 266, 214 
0.000000, 423, 5, 0, 1, 4, 267, 214 
0.000000, 425, 5, 0, 1, 4, 267, 215 
0.000000, 425, 5, 0, 1, 4, 268, 215 
0.000000, 425, 5, 0, 1, 4, 269, 215 
0.000000, 427, 5, 0, 1, 4, 269, 216 
0.000000, 427, 5, 0, 1, 4, 270, 216 
0.000000, 429, 5, 0, 1, 4, 270, 217 
0.000000, 429, 5, 0, 1, 4, 271, 217 
0.000000, 429, 5, 0, 1, 4, 272, 217 
0.000000, 429, 5, 0, 1, 4, 273, 217 
0.000000, 431, 5, 0, 1, 4, 273, 218 
0.000000, 431, 5, 0, 1, 4, 274, 218 
0.000000, 433, 5, 0, 1, 4, 274, 219 
0.000000, 433, 5, 0, 1, 4, 275, 219 
0.000000, 435, 5, 0, 1, 4, 275, 220 
0.000000, 435, 5, 0, 1, 4, 276, 220 
0.000000, 437, 5, 0, 1, 4, 276, 221 
0.000000, 437, 5, 0, 1, 4, 277, 221 
0.000000, 437, 5, 0, 1, 4, 278, 221 
0.000000, 439, 5, 0, 1, 4, 278, 222 
0.000000, 439, 5, 0, 1, 4, 279, 222 
0.000000, 441, 5, 0, 1, 4, 279, 223 
0.000000, 441, 5, 0, 1, 4, 280, 223 
0.000000, 443, 5, 0, 1, 4, 280, 224 
0.000000, 443, 5, 0, 1, 4, 281, 224 
0.000000, 445, 5, 0, 1, 4, 281, 225 
0.000000, 445, 5, 0, 1, 4, 282, 225 
0.000000, 447, 5, 0, 1, 4, 282, 226 
0.000000, 447, 5, 0, 1, 4, 283, 226 
0.000000, 449, 5, 0, 1, 4, 283, 227 
0.000000, 449, 5, 0, 1, 4, 284, 227 
0.000000, 449, 5, 0, 1, 4, 285, 227 
0.000000, 451, 5, 0, 1, 4, 285, 228 
0.000000, 450, 6, 0, 1, 5, 285, 228 
0.000000, 450, 6, 0, 1, 5, 286, 228 
0.000000, 452, 6, 0, 1, 5, 286, 229 
0.000000, 452, 6, 0, 1, 5, 287, 229 
0.000000, 452, 6, 0, 1, 5, 288, 229 
0.000000, 454, 6, 0, 1, 5, 288, 230 
0.000000, 454, 6, 0, 1, 5, 289, 230 
0.000000, 456, 6, 0, 1, 5, 289, 231 
0.000000, 456, 6, 0, 1, 5, 290, 231 
0.000000, 458, 6, 0, 1, 5, 290, 232 
0.000000, 458, 6, 0, 1, 5, 291, 232 
0.000000, 460, 6, 0, 1, 5, 291, 233 
0.000000, 460, 6, 0, 1, 5, 292, 233 
0.000000, 462, 6, 0, 1, 5, 292, 234 
0.000000, 462, 6, 0, 1, 5, 293, 234 
0.000000, 464, 6, 0, 1, 5, 293, 235 
0.000000, 464, 6, 0, 1, 5, 294, 235 
0.000000, 466, 6, 0, 1, 5, 294, 236 
0.000000, 466, 6, 0, 1, 5, 295, 236 
0.000000, 466, 6, 0, 1, 5, 296, 236 
0.000000, 468, 6, 0, 1, 5, 296, 237 
0.000000, 468, 6, 0, 1, 5, 297, 237 
0.000000, 468, 6, 0, 1, 5, 298, 237 
0.000000, 470, 6, 0, 1, 5, 298, 238 
0.000000, 470, 6, 0, 1, 5, 299, 238 
0.000000, 472, 6, 0, 1, 5, 299, 239 
0.000000, 472, 6, 0, 1, 5, 300, 239 
0.000000, 474, 6, 0, 1, 5, 300, 240 
0.000000, 474, 6, 0, 1, 5, 301, 240 
0.000000, 474, 6, 0, 1, 5, 302, 240 
0.000000, 476, 6, 0, 1, 5, 302, 241 
0.000000, 476, 6, 0, 1, 5, 303, 241 
0.000000, 478, 6, 0, 1, 5, 303, 242 
0.000000, 478, 6, 0, 1, 5, 304, 242 
0.000000, 480, 6, 0, 1, 5, 304, 243 
0.000000, 480, 6, 0, 1, 5, 305, 243 
0.000000, 480, 6, 0, 1, 5, 306, 243 
0.000000, 480, 6, 0, 1, 5, 307, 243 
0.000000, 482, 6, 0, 1, 5, 307, 244 
0.000000, 482, 6, 0, 1, 5, 308, 244 
0.000000, 484, 6, 0, 1, 5, 308, 245 
0.000000, 484, 6, 0, 1, 5, 309, 245 
0.000000, 486, 6, 0, 1, 5, 309, 246 
0.000000, 486, 6, 0, 1, 5, 310, 246 
0.000000, 488, 6, 0, 1, 5, 310, 247 
0.000000, 488, 6, 0, 1, 5, 311, 247 
0.000000, 488, 6, 0, 1, 5, 312, 247 
0.000000, 490, 6, 0, 1, 5, 312, 248 
0.000000, 490, 6, 0, 1, 5, 313, 248 
0.000000, 492, 6, 0, 1, 5, 313, 249 
0.000000, 492, 6, 0, 1, 5, 314, 249 
0.000000, 494, 6, 0, 1, 5, 314, 250 
0.000000, 494, 6, 0, 1, 5, 315, 250 
0.000000, 496, 6, 0, 1, 5, 315, 251 
0.000000, 496, 6, 0, 1, 5, 316, 251 
0.000000, 498, 6, 0, 1, 5, 316, 252 
0.000000, 498, 6, 0, 1, 5, 317, 252 
0.000000, 500, 6, 0, 1, 5, 317, 253 
0.000000, 500, 6, 0, 1, 5, 318, 253 
0.000000, 502, 6, 0, 1, 5, 318, 254 
0.000000, 502, 6, 0, 1, 5, 319, 254 
0.000000, 504, 6, 0, 1, 5, 319, 255 
0.000000, 504, 6, 0, 1, 5, 320, 255 
0.000000, 504, 6, 0, 1, 5, 321, 255 
0.000000, 504, 6, 0, 1, 5, 322, 255 
0.000000, 506, 6, 0, 1, 5, 322, 256 
0.000000, 506, 6, 0, 1, 5, 323, 256 
0.000000, 508, 6, 0, 1, 5, 323, 257 
0.000000, 508, 6, 0, 1, 5, 324, 257 
0.000000, 508, 6, 0, 1, 5, 325, 257 
0.000000, 508, 6, 0, 1, 5, 326, 257 
0.000000, 510, 6, 0, 1, 5, 326, 258 
0.000000, 510, 6, 0, 1, 5, 327, 258 
0.000000, 512, 6, 0, 1, 5, 327, 259 
0.000000, 512, 6, 0, 1, 5, 328, 259 
0.000000, 514, 6, 0, 1, 5, 328, 260 
0.000000, 514, 6, 0, 1, 5, 329, 260 
0.000000, 516, 6, 0, 1, 5, 329, 261 
0.000000, 516, 6, 0, 1, 5, 330, 261 
0.000000, 518, 6, 0, 1, 5, 330, 262 
0.000000, 518, 6, 0, 1, 5, 331, 262 
0.000000, 520, 6, 0, 1, 5, 331, 263 
0.000000, 520, 6, 0, 1, 5, 332, 263 
0.000000, 522, 6, 0, 1, 5, 332, 264 
0.000000, 522, 6, 0, 1, 5, 333, 264 
0.000000, 522, 6, 0, 1, 5, 334, 264 
0.000000, 524, 6, 0, 1, 5, 334, 265 
0.000000, 524, 6, 0, 1, 5, 335, 265 
0.000000, 524, 6, 0, 1, 5, 336, 265 
0.000000, 524, 6, 0, 1, 5, 337, 265 
0.000000, 526, 6, 0, 1, 5, 337, 266 
0.000000, 526, 6, 0, 1, 5, 338, 266 
0.000000, 526, 6, 0, 1, 5, 339, 266 
0.000000, 528, 6, 0, 1, 5, 339, 267 
0.000000, 528, 6, 0, 1, 5, 340, 267 
0.000000, 528, 6, 0, 1, 5, 341, 267 
0.000000, 530, 6, 0, 1, 5, 341, 268 
0.000000, 530, 6, 0, 1, 5, 342, 268 
0.000000, 532, 6, 0, 1, 5, 342, 269 
0.000000, 532, 6, 0, 1, 5, 343, 269 
0.000000, 532, 6, 0, 1, 5, 344, 269 
0.000000, 534, 6, 0, 1, 5, 344, 270 
0.000000, 534, 6, 0, 1, 5, 345, 270 
0.000000, 536, 6, 0, 1, 5, 345, 271 
0.000000, 536, 6, 0, 1, 5, 346, 271 
0.000000, 538, 6, 0, 1, 5, 346, 272 
0.000000, 538, 6, 0, 1, 5, 347, 272 
0.000000, 540, 6, 0, 1, 5, 347, 273 
0.000000, 540, 6, 0, 1, 5, 348, 273 
0.000000, 540, 6, 0, 1, 5, 349, 273 
0.000000, 542, 6, 0, 1, 5, 349, 274 
0.000000, 542, 6, 0, 1, 5, 350, 274 
0.000000, 542, 6, 0, 1, 5, 351, 274 
0.000000, 544, 6, 0, 1, 5, 351, 275 
0.000000, 544, 6, 0, 1, 5, 352, 275 
0.000000, 546, 6, 0, 1, 5, 352, 276 
0.000000, 546, 6, 0, 1, 5, 353, 276 
0.000000, 548, 6, 0, 1, 5, 353, 277 
0.000000, 548, 6, 0, 1, 5, 354, 277 
0.000000, 550, 6, 0, 1, 5, 354, 278 
0.000000, 550, 6, 0, 1, 5, 355, 278 
0.000000, 552, 6, 0, 1, 5, 355, 279 
0.000000, 552, 6, 0, 1, 5, 356, 279 
0.000000, 554, 6, 0, 1, 5, 356, 280 
0.000000, 554, 6, 0, 1, 5, 357, 280 
0.000000, 556, 6, 0, 1, 5, 357, 281 
0.000000, 556, 6, 0, 1, 5, 358, 281 
0.000000, 558, 6, 0, 1, 5, 358, 282 
0.000000, 558, 6, 0, 1, 5, 359, 282 
0.000000, 560, 6, 0, 1, 5, 359, 283 
0.000000, 560, 6, 0, 1, 5, 360, 283 
0.000000, 560, 6, 0, 1, 5, 361, 283 
0.000000, 562, 6, 0, 1, 5, 361, 284 
0.000000, 562, 6, 0, 1, 5, 362, 284 
0.000000, 564, 6, 0, 1, 5, 362, 285 
0.000000, 564, 6, 0, 1, 5, 363, 285 
0.000000, 566, 6, 0, 1, 5, 363, 286 
0.000000, 566, 6, 0, 1, 5, 364, 286 
0.000000, 566, 6, 0, 1, 5, 365, 286 
0.000000, 568, 6, 0, 1, 5, 365, 287 
0.000000, 568, 6, 0, 1, 5, 366, 287 
0.000000, 568, 6, 0, 1, 5, 367, 287 
0.000000, 568, 6, 0, 1, 5, 368, 287 
0.000000, 570, 6, 0, 1, 5, 368, 288 
0.000000, 570, 6, 0, 1, 5, 369, 288 
0.000000, 570, 6, 0, 1, 5, 370, 288 
0.000000, 572, 6, 0, 1, 5, 370, 289 
0.000000, 572, 6, 0, 1, 5, 371, 289 
0.000000, 574, 6, 0, 1, 5, 371, 290 
0.000000, 573, 7, 0, 2, 5, 371, 290 
0.000000, 573, 7, 0, 2, 5, 372, 290 
0.000000, 575, 7, 0, 2, 5, 372, 291 
0.000000, 575, 7, 0, 2, 5, 373, 291 
0.000000, 575, 7, 0, 2, 5, 374, 291 
0.000000, 577, 7, 0, 2, 5, 374, 292 
0.000000, 577, 7, 0, 2, 5, 375, 292 
0.000000, 579, 7, 0, 2, 5, 375, 293 
0.000000, 579, 7, 0, 2, 5, 376, 293 
0.000000, 581, 7, 0, 2, 5, 376, 294 
0.000000, 581, 7, 0, 2, 5, 377, 294 
0.000000, 581, 7, 0, 2, 5, 378, 294 
0.000000, 583, 7, 0, 2, 5, 378, 295 
0.000000, 583, 7, 0, 2, 5, 379, 295 
0.000000, 585, 7, 0, 2, 5, 379, 296 
0.000000, 585, 7, 0, 2, 5, 380, 296 
0.000000, 587, 7, 0, 2, 5, 380, 297 
0.000000, 587, 7, 0, 2, 5, 381, 297 
0.000000, 589, 7, 0, 2, 5, 381, 298 
0.000000, 589, 7, 0, 2, 5, 382, 298 
0.000000, 591, 7, 0, 2, 5, 382, 299 
0.000000, 591, 7, 0, 2, 5, 383, 299 
0.000000, 593, 7, 0, 2, 5, 383, 300 
0.000000, 593, 7, 0, 2, 5, 384, 300 
0.000000, 595, 7, 0, 2, 5, 384, 301 
0.000000, 595, 7, 0, 2, 5, 385, 301 
0.000000, 597, 7, 0, 2, 5, 385, 302 
0.000000, 597, 7, 0, 2, 5, 386, 302 
0.000000, 599, 7, 0, 2, 5, 386, 303 
0.000000, 599, 7, 0, 2, 5, 387, 303 
0.000000, 601, 7, 0, 2, 5, 387, 304 
0.000000, 601, 7, 0, 2, 5, 388, 304 
0.000000, 603, 7, 0, 2, 5, 388, 305 
0.000000, 603, 7, 0, 2, 5, 389, 305 
0.000000, 605, 7, 0, 2, 5, 389, 306 
0.000000, 605, 7, 0, 2, 5, 390, 306 
0.000000, 605, 7, 0, 2, 5, 391, 306 
0.000000, 607, 7, 0, 2, 5, 391, 307 
0.000000, 607, 7, 0, 2, 5, 392, 307 
0.000000, 607, 7, 0, 2, 5, 393, 307 
0.000000, 607, 7, 0, 2, 5, 394, 307 
0.000000, 607, 7, 0, 2, 5, 395, 307 
0.000000, 607, 7, 0, 2, 5, 396, 307 
0.000000, 609, 7, 0, 2, 5, 396, 308 
0.000000, 609, 7, 0, 2, 5, 397, 308 
0.000000, 609, 7, 0, 2, 5, 398, 308 
0.000000, 611, 7, 0, 2, 5, 398, 309 
0.000000, 611, 7, 0, 2, 5, 399, 309 
0.000000, 613, 7, 0, 2, 5, 399, 310 
0.000000, 613, 7, 0, 2, 5, 400, 310 
0.000000, 615, 7, 0, 2, 5, 400, 311 
0.000000, 615, 7, 0, 2, 5, 401, 311 
0.000000, 615, 7, 0, 2, 5, 402, 311 
0.000000, 615, 7, 0, 2, 5, 403, 311 
0.000000, 617, 7, 0, 2, 5, 403, 312 
0.000000, 617, 7, 0, 2, 5, 404, 312 
0.000000, 617, 7, 0, 2, 5, 405, 312 
0.000000, 619, 7, 0, 2, 5, 405, 313 
0.000000, 619, 7, 0, 2, 5, 406, 313 
0.000000, 621, 7, 0, 2, 5, 406, 314 
0.000000, 621, 7, 0, 2, 5, 407, 314 
0.000000, 623, 7, 0, 2, 5, 407, 315 
0.000000, 623, 7, 0, 2, 5, 408, 315 
0.000000, 625, 7, 0, 2, 5, 408, 316 
0.000000, 625, 7, 0, 2, 5, 409, 316 
0.000000, 627, 7, 0, 2, 5, 409, 317 
0.000000, 627, 7, 0, 2, 5, 410, 317 
0.000000, 629, 7, 0, 2, 5, 410, 318 
0.000000, 629, 7, 0, 2, 5, 411, 318 
0.000000, 631, 7, 0, 2, 5, 411, 319 
0.000000, 631, 7, 0, 2, 5, 412, 319 
0.000000, 633, 7, 0, 2, 5, 412, 320 
0.000000, 633, 7, 0, 2, 5, 413, 320 
0.000000, 635, 7, 0, 2, 5, 413, 321 
0.000000, 635, 7, 0, 2, 5, 414, 321 
0.000000, 637, 7, 0, 2, 5, 414, 322 
0.000000, 637, 7, 0, 2, 5, 415, 322 
0.000000, 637, 7, 0, 2, 5, 416, 322 
0.000000, 637, 7, 0, 2, 5, 417, 322 
0.000000, 639, 7, 0, 2, 5, 417, 323 
0.000000, 639, 7, 0, 2, 5, 418, 323 
0.000000, 641, 7, 0, 2, 5, 418, 324 
0.000000, 641, 7, 0, 2, 5, 419, 324 
0.000000, 643, 7, 0, 2, 5, 419, 325 
0.000000, 643, 7, 0, 2, 5, 420, 325 
0.000000, 643, 7, 0, 2, 5, 421, 325 
0.000000, 645, 7, 0, 2, 5, 421, 326 
0.000000, 645, 7, 0, 2, 5, 422, 326 
0.000000, 647, 7, 0, 2, 5, 422, 327 
0.000000, 647, 7, 0, 2, 5, 423, 327 
0.000000, 649, 7, 0, 2, 5, 423, 328 
0.000000, 649, 7, 0, 2, 5, 424, 328 
0.000000, 651, 7, 0, 2, 5, 424, 329 
0.000000, 651, 7, 0, 2, 5, 425, 329 
0.000000, 653, 7, 0, 2, 5, 425, 330 
0.000000, 653, 7, 0, 2, 5, 426, 330 
0.000000, 655, 7, 0, 2, 5, 426, 331 
0.000000, 655, 7, 0, 2, 5, 427, 331 
0.000000, 657, 7, 0, 2, 5, 427, 332 
0.000000, 657, 7, 0, 2, 5, 428, 332 
0.000000, 659, 7, 0, 2, 5, 428, 333 
0.000000, 659, 7, 0, 2, 5, 429, 333 
0.000000, 661, 7, 0, 2, 5, 429, 334 
0.000000, 661, 7, 0, 2, 5, 430, 334 
0.000000, 663, 7, 0, 2, 5, 430, 335 
0.000000, 663, 7, 0, 2, 5, 431, 335 
0.000000, 665, 7, 0, 2, 5, 431, 336 
0.000000, 665, 7, 0, 2, 5, 432, 336 
0.000000, 667, 7, 0, 2, 5, 432, 337 
0.000000, 667, 7, 0, 2, 5, 433, 337 
0.000000, 669, 7, 0, 2, 5, 433, 338 
0.000000, 669, 7, 0, 2, 5, 434, 338 
0.000000, 671, 7, 0, 2, 5, 434, 339 
0.000000, 671, 7, 0, 2, 5, 435, 339 
0.000000, 671, 7, 0, 2, 5, 436, 339 
0.000000, 673, 7, 0, 2, 5, 436, 340 
0.000000, 673, 7, 0, 2, 5, 437, 340 
0.000000, 675, 7, 0, 2, 5, 437, 341 
0.000000, 675, 7, 0, 2, 5, 438, 341 
0.000000, 677, 7, 0, 2, 5, 438, 342 
0.000000, 677, 7, 0, 2, 5, 439, 342 
0.000000, 677, 7, 0, 2, 5, 440, 342 
0.000000, 677, 7, 0, 2, 5, 441, 342 
0.000000, 677, 7, 0, 2, 5, 442, 342 
0.000000, 679, 7, 0, 2, 5, 442, 343 
0.000000, 679, 7, 0, 2, 5, 443, 343 
0.000000, 679, 7, 0, 2, 5, 444, 343 
0.000000, 679, 7, 0, 2, 5, 445, 343 
0.000000, 679, 7, 0, 2, 5, 446, 343 
0.000000, 681, 7, 0, 2, 5, 446, 344 
0.000000, 681, 7, 0, 2, 5, 447, 344 
0.000000, 681, 7, 0, 2, 5, 448, 344 
0.000000, 681, 7, 0, 2, 5, 449, 344 
0.000000, 683, 7, 0, 2, 5, 449, 345 
0.000000, 683, 7, 0, 2, 5, 450, 345 
0.000000, 685, 7, 0, 2, 5, 450, 346 
0.000000, 685, 7, 0, 2, 5, 451, 346 
0.000000, 687, 7, 0, 2, 5, 451, 347 
0.000000, 687, 7, 0, 2, 5, 452, 347 
0.000000, 689, 7, 0, 2, 5, 452, 348 
0.000000, 689, 7, 0, 2, 5, 453, 348 
0.000000, 691, 7, 0, 2, 5, 453, 349 
0.000000, 691, 7, 0, 2, 5, 454, 349 
0.000000, 693, 7, 0, 2, 5, 454, 350 
0.000000, 693, 7, 0, 2, 5, 455, 350 
0.000000, 695, 7, 0, 2, 5, 455, 351 
0.000000, 695, 7, 0, 2, 5, 456, 351 
0.000000, 695, 7, 0, 2, 5, 457, 351 
0.000000, 697, 7, 0, 2, 5, 457, 352 
0.000000, 697, 7, 0, 2, 5, 458, 352 
0.000000, 699, 7, 0, 2, 5, 458, 353 
0.000000, 699, 7, 0, 2, 5, 459, 353 
0.000000, 701, 7, 0, 2, 5, 459, 354 
0.000000, 701, 7, 0, 2, 5, 460, 354 
0.000000, 703, 7, 0, 2, 5, 460, 355 
0.000000, 703, 7, 0, 2, 5, 461, 355 
0.000000, 703, 7, 0, 2, 5, 462, 355 
0.000000, 705, 7, 0, 2, 5, 462, 356 
0.000000, 705, 7, 0, 2, 5, 463, 356 
0.000000, 707, 7, 0, 2, 5, 463, 357 
0.000000, 707, 7, 0, 2, 5, 464, 357 
0.000000, 709, 7, 0, 2, 5, 464, 358 
0.000000, 709, 7, 0, 2, 5, 465, 358 
0.000000, 711, 7, 0, 2, 5, 465, 359 
0.000000, 711, 7, 0, 2, 5, 466, 359 
0.000000, 713, 7, 0, 2, 5, 466, 360 
0.000000, 713, 7, 0, 2, 5, 467, 360 
0.000000, 715, 7, 0, 2, 5, 467, 361 
0.000000, 715, 7, 0, 2, 5, 468, 361 
0.000000, 715, 7, 0, 2, 5, 469, 361 
0.000000, 717, 7, 0, 2, 5, 469, 362 
0.000000, 717, 7, 0, 2, 5, 470, 362 
0.000000, 719, 7, 0, 2, 5, 470, 363 
0.000000, 719, 7, 0, 2, 5, 471, 363 
0.000000, 721, 7, 0, 2, 5, 471, 364 
0.000000, 721, 7, 0, 2, 5, 472, 364 
0.000000, 723, 7, 0, 2, 5, 472, 365 
0.000000, 723, 7, 0, 2, 5, 473, 365 
0.000000, 725, 7, 0, 2, 5, 473, 366 
0.000000, 725, 7, 0, 2, 5, 474, 366 
0.000000, 727, 7, 0, 2, 5, 474, 367 
0.000000, 727, 7, 0, 2, 5, 475, 367 
0.000000, 729, 7, 0, 2, 5, 475, 368 
0.000000, 729, 7, 0, 2, 5, 476, 368 
0.000000, 731, 7, 0, 2, 5, 476, 369 
0.000000, 731, 7, 0, 2, 5, 477, 369 
0.000000, 733, 7, 0, 2, 5, 477, 370 
0.000000, 733, 7, 0, 2, 5, 478, 370 
0.000000, 733, 7, 0, 2, 5, 479, 370 
0.000000, 735, 7, 0, 2, 5, 479, 371 
0.000000, 735, 7, 0, 2, 5, 480, 371 
0.000000, 737, 7, 0, 2, 5, 480, 372 
0.000000, 737, 7, 0, 2, 5, 481, 372 
0.000000, 739, 7, 0, 2, 5, 481, 373 
0.000000, 739, 7, 0, 2, 5, 482, 373 
0.000000, 739, 7, 0, 2, 5, 483, 373 
0.000000, 741, 7, 0, 2, 5, 483, 374 
0.000000, 741, 7, 0, 2, 5, 484, 374 
0.000000, 743, 7, 0, 2, 5, 484, 375 
0.000000, 743, 7, 0, 2, 5, 485, 375 
0.000000, 745, 7, 0, 2, 5, 485, 376 
0.000000, 745, 7, 0, 2, 5, 486, 376 
0.000000, 747, 7, 0, 2, 5, 486, 377 
0.000000, 747, 7, 0, 2, 5, 487, 377 
0.000000, 747, 7, 0, 2, 5, 488, 377 
0.000000, 747, 7, 0, 2, 5, 489, 377 
0.000000, 747, 7, 0, 2, 5, 490, 377 
0.000000, 749, 7, 0, 2, 5, 490, 378 
0.000000, 749, 7, 0, 2, 5, 491, 378 
0.000000, 751, 7, 0, 2, 5, 491, 379 
0.000000, 751, 7, 0, 2, 5, 492, 379 
0.000000, 753, 7, 0, 2, 5, 492, 380 
0.000000, 753, 7, 0, 2, 5, 493, 380 
0.000000, 753, 7, 0, 2, 5, 494, 380 
0.000000, 755, 7, 0, 2, 5, 494, 381 
0.000000, 755, 7, 0, 2, 5, 495, 381 
0.000000, 757, 7, 0, 2, 5, 495, 382 
0.000000, 757, 7, 0, 2, 5, 496, 382 
0.000000, 759, 7, 0, 2, 5, 496, 383 
0.000000, 759, 7, 0, 2, 5, 497, 383 
0.000000, 761, 7, 0, 2, 5, 497, 384 
0.000000, 761, 7, 0, 2, 5, 498, 384 
0.000000, 763, 7, 0, 2, 5, 498, 385 
0.000000, 763, 7, 0, 2, 5, 499, 385 
0.000000, 765, 7, 0, 2, 5, 499, 386 
0.000000, 765, 7, 0, 2, 5, 500, 386 
0.000000, 767, 7, 0, 2, 5, 500, 387 
0.000000, 767, 7, 0, 2, 5, 501, 387 
0.000000, 769, 7, 0, 2, 5, 501, 388 
0.000000, 769, 7, 0, 2, 5, 502, 388 
0.000000, 771, 7, 0, 2, 5, 502, 389 
0.000000, 771, 7, 0, 2, 5, 503, 389 
0.000000, 773, 7, 0, 2, 5, 503, 390 
0.000000, 773, 7, 0, 2, 5, 504, 390 
0.000000, 773, 7, 0, 2, 5, 505, 390 
0.000000, 775, 7, 0, 2, 5, 505, 391 
0.000000, 775, 7, 0, 2, 5, 506, 391 
0.000000, 775, 7, 0, 2, 5, 507, 391 
0.000000, 775, 7, 0, 2, 5, 508, 391 
0.000000, 775, 7, 0, 2, 5, 509, 391 
0.000000, 777, 7, 0, 2, 5, 509, 392 
0.000000, 777, 7, 0, 2, 5, 510, 392 
0.000000, 779, 7, 0, 2, 5, 510, 393 
0.000000, 779, 7, 0, 2, 5, 511, 393 
0.000000, 781, 7, 0, 2, 5, 511, 394 
0.000000, 781, 7, 0, 2, 5, 512, 394 
0.000000, 783, 7, 0, 2, 5, 512, 395 
0.000000, 783, 7, 0, 2, 5, 513, 395 
0.000000, 785, 7, 0, 2, 5, 513, 396 
0.000000, 785, 7, 0, 2, 5, 514, 396 
0.000000, 787, 7, 0, 2, 5, 514, 397 
0.000000, 787, 7, 0, 2, 5, 515, 397 
0.000000, 789, 7, 0, 2, 5, 515, 398 
0.000000, 789, 7, 0, 2, 5, 516, 398 
0.000000, 791, 7, 0, 2, 5, 516, 399 
0.000000, 791, 7, 0, 2, 5, 517, 399 
0.000000, 791, 7, 0, 2, 5, 518, 399 
0.000000, 793, 7, 0, 2, 5, 518, 400 
0.000000, 793, 7, 0, 2, 5, 519, 400 
0.000000, 795, 7, 0, 2, 5, 519, 401 
0.000000, 795, 7, 0, 2, 5, 520, 401 
0.000000, 797, 7, 0, 2, 5, 520, 402 
0.000000, 797, 7, 0, 2, 5, 521, 402 
0.000000, 799, 7, 0, 2, 5, 521, 403 
0.000000, 799, 7, 0, 2, 5, 522, 403 
0.000000, 801, 7, 0, 2, 5, 522, 404 
0.000000, 801, 7, 0, 2, 5, 523, 404 
0.000000, 801, 7, 0, 2, 5, 524, 404 
0.000000, 801, 7, 0, 2, 5, 525, 404 
0.000000, 803, 7, 0, 2, 5, 525, 405 
0.000000, 803, 7, 0, 2, 5, 526, 405 
0.000000, 805, 7, 0, 2, 5, 526, 406 
0.000000, 805, 7, 0, 2, 5, 527, 406 
0.000000, 805, 7, 0, 2, 5, 528, 406 
0.000000, 807, 7, 0, 2, 5, 528, 407 
0.000000, 807, 7, 0, 2, 5, 529, 407 
0.000000, 809, 7, 0, 2, 5, 529, 408 
0.000000, 808, 8, 0, 3, 5, 529, 408 
0.000000, 808, 8, 0, 3, 5, 530, 408 
0.000000, 810, 8, 0, 3, 5, 530, 409 
0.000000, 810, 8, 0, 3, 5, 531, 409 
0.000000, 810, 8, 0, 3, 5, 532, 409 
0.000000, 812, 8, 0, 3, 5, 532, 410 
0.000000, 812, 8, 0, 3, 5, 533, 410 
0.000000, 814, 8, 0, 3, 5, 533, 411 
0.000000, 814, 8, 0, 3, 5, 534, 411 
0.000000, 816, 8, 0, 3, 5, 534, 412 
0.000000, 816, 8, 0, 3, 5, 535, 412 
0.000000, 818, 8, 0, 3, 5, 535, 413 
0.000000, 818, 8, 0, 3, 5, 536, 413 
0.000000, 820, 8, 0, 3, 5, 536, 414 
0.000000, 820, 8, 0, 3, 5, 537, 414 
0.000000, 822, 8, 0, 3, 5, 537, 415 
0.000000, 821, 9, 0, 4, 5, 537, 415 
0.000000, 821, 9, 0, 4, 5, 538, 415 
0.000000, 821, 9, 0, 4, 5, 539, 415 
0.000000, 823, 9, 0, 4, 5, 539, 416 
0.000000, 823, 9, 0, 4, 5, 540, 416 
0.000000, 825, 9, 0, 4, 5, 540, 417 
0.000000, 825, 9, 0, 4, 5, 541, 417 
0.000000, 827, 9, 0, 4, 5, 541, 418 
0.000000, 827, 9, 0, 4, 5, 542, 418 
0.000000, 829, 9, 0, 4, 5, 542, 419 
0.000000, 829, 9, 0, 4, 5, 543, 419 
0.000000, 831, 9, 0, 4, 5, 543, 420 
0.000000, 831, 9, 0, 4, 5, 544, 420 
0.000000, 833, 9, 0, 4, 5, 544, 421 
0.000000, 833, 9, 0, 4, 5, 545, 421 
0.000000, 835, 9, 0, 4, 5, 545, 422 
0.000000, 835, 9, 0, 4, 5, 546, 422 
0.000000, 837, 9, 0, 4, 5, 546, 423 
0.000000, 837, 9, 0, 4, 5, 547, 423 
0.000000, 839, 9, 0, 4, 5, 547, 424 
0.000000, 839, 9, 0, 4, 5, 548, 424 
0.000000, 841, 9, 0, 4, 5, 548, 425 
0.000000, 841, 9, 0, 4, 5, 549, 425 
0.000000, 843, 9, 0, 4, 5, 549, 426 
0.000000, 843, 9, 0, 4, 5, 550, 426 
0.000000, 845, 9, 0, 4, 5, 550, 427 
0.000000, 845, 9, 0, 4, 5, 551, 427 
0.000000, 847, 9, 0, 4, 5, 551, 428 
0.000000, 847, 9, 0, 4, 5, 552, 428 
0.000000, 847, 9, 0, 4, 5, 553, 428 
0.000000, 849, 9, 0, 4, 5, 553, 429 
0.000000, 849, 9, 0, 4, 5, 554, 429 
0.000000, 851, 9, 0, 4, 5, 554, 430 
0.000000, 851, 9, 0, 4, 5, 555, 430 
0.000000, 853, 9, 0, 4, 5, 555, 431 
0.000000, 853, 9, 0, 4, 5, 556, 431 
0.000000, 855, 9, 0, 4, 5, 556, 432 
0.000000, 855, 9, 0, 4, 5, 557, 432 
0.000000, 857, 9, 0, 4, 5, 557, 433 
0.000000, 857, 9, 0, 4, 5, 558, 433 
0.000000, 859, 9, 0, 4, 5, 558, 434 
0.000000, 859, 9, 0, 4, 5, 559, 434 
0.000000, 861, 9, 0, 4, 5, 559, 435 
0.000000, 861, 9, 0, 4, 5, 560, 435 
0.000000, 863, 9, 0, 4, 5, 560, 436 
0.000000, 863, 9, 0, 4, 5, 561, 436 
0.000000, 865, 9, 0, 4, 5, 561, 437 
0.000000, 865, 9, 0, 4, 5, 562, 437 
0.000000, 865, 9, 0, 4, 5, 563, 437 
0.000000, 867, 9, 0, 4, 5, 563, 438 
0.000000, 867, 9, 0, 4, 5, 564, 438 
0.000000, 869, 9, 0, 4, 5, 564, 439 
0.000000, 869, 9, 0, 4, 5, 565, 439 
0.000000, 871, 9, 0, 4, 5, 565, 440 
0.000000, 871, 9, 0, 4, 5, 566, 440 
0.000000, 873, 9, 0, 4, 5, 566, 441 
0.000000, 873, 9, 0, 4, 5, 567, 441 
0.000000, 875, 9, 0, 4, 5, 567, 442 
0.000000, 875, 9, 0, 4, 5, 568, 442 
0.000000, 877, 9, 0, 4, 5, 568, 443 
0.000000, 877, 9, 0, 4, 5, 569, 443 
0.000000, 879, 9, 0, 4, 5, 569, 444 
0.000000, 879, 9, 0, 4, 5, 570, 444 
0.000000, 881, 9, 0, 4, 5, 570, 445 
0.000000, 881, 9, 0, 4, 5, 571, 445 
0.000000, 883, 9, 0, 4, 5, 571, 446 
0.000000, 883, 9, 0, 4, 5, 572, 446 
0.000000, 885, 9, 0, 4, 5, 572, 447 
0.000000, 885, 9, 0, 4, 5, 573, 447 
0.000000, 887, 9, 0, 4, 5, 573, 448 
0.000000, 887, 9, 0, 4, 5, 574, 448 
0.000000, 889, 9, 0, 4, 5, 574, 449 
0.000000, 889, 9, 0, 4, 5, 575, 449 
0.000000, 889, 9, 0, 4, 5, 576, 449 
0.000000, 891, 9, 0, 4, 5, 576, 450 
0.000000, 891, 9, 0, 4, 5, 577, 450 
0.000000, 893, 9, 0, 4, 5, 577, 451 
0.000000, 893, 9, 0, 4, 5, 578, 451 
0.000000, 895, 9, 0, 4, 5, 578, 452 
0.000000, 895, 9, 0, 4, 5, 579, 452 
0.000000, 897, 9, 0, 4, 5, 579, 453 
0.000000, 897, 9, 0, 4, 5, 580, 453 
0.000000, 899, 9, 0, 4, 5, 580, 454 
0.000000, 899, 9, 0, 4, 5, 581, 454 
0.000000, 901, 9, 0, 4, 5, 581, 455 
0.000000, 900, 10, 0, 4, 6, 581, 455 
0.000000, 900, 10, 0, 4, 6, 582, 455 
0.000000, 902, 10, 0, 4, 6, 582, 456 
0.000000, 902, 10, 0, 4, 6, 583, 456 
0.000000, 902, 10, 0, 4, 6, 584, 456 
0.000000, 904, 10, 0, 4, 6, 584, 457 
0.000000, 904, 10, 0, 4, 6, 585, 457 
0.000000, 904, 10, 0, 4, 6, 586, 457 
0.000000, 904, 10, 0, 4, 6, 587, 457 
0.000000, 906, 10, 0, 4, 6, 587, 458 
0.000000, 906, 10, 0, 4, 6, 588, 458 
0.000000, 908, 10, 0, 4, 6, 588, 459 
0.000000, 908, 10, 0, 4, 6, 589, 459 
0.000000, 910, 10, 0, 4, 6, 589, 460 
0.000000, 910, 10, 0, 4, 6, 590, 460 
0.000000, 912, 10, 0, 4, 6, 590, 461 
0.000000, 912, 10, 0, 4, 6, 591, 461 
0.000000, 914, 10, 0, 4, 6, 591, 462 
0.000000, 914, 10, 0, 4, 6, 592, 462 
0.000000, 916, 10, 0, 4, 6, 592, 463 
0.000000, 916, 10, 0, 4, 6, 593, 463 
0.000000, 918, 10, 0, 4, 6, 593, 464 
0.000000, 918, 10, 0, 4, 6, 594, 464 
0.000000, 920, 10, 0, 4, 6, 594, 465 
0.000000, 920, 10, 0, 4, 6, 595, 465 
0.000000, 922, 10, 0, 4, 6, 595, 466 
0.000000, 922, 10, 0, 4, 6, 596, 466 
0.000000, 924, 10, 0, 4, 6, 596, 467 
0.000000, 924, 10, 0, 4, 6, 597, 467 
0.000000, 926, 10, 0, 4, 6, 597, 468 
0.000000, 926, 10, 0, 4, 6, 598, 468 
0.000000, 928, 10, 0, 4, 6, 598, 469 
0.000000, 928, 10, 0, 4, 6, 599, 469 
0.000000, 930, 10, 0, 4, 6, 599, 470 
0.000000, 930, 10, 0, 4, 6, 600, 470 
0.000000, 930, 10, 0, 4, 6, 601, 470 
0.000000, 932, 10, 0, 4, 6, 601, 471 
0.000000, 932, 10, 0, 4, 6, 602, 471 
0.000000, 932, 10, 0, 4, 6, 603, 471 
0.000000, 934, 10, 0, 4, 6, 603, 472 
0.000000, 934, 10, 0, 4, 6, 604, 472 
0.000000, 936, 10, 0, 4, 6, 604, 473 
0.000000, 936, 10, 0, 4, 6, 605, 473 
0.000000, 938, 10, 0, 4, 6, 605, 474 
0.000000, 938, 10, 0, 4, 6, 606, 474 
0.000000, 940, 10, 0, 4, 6, 606, 475 
0.000000, 940, 10, 0, 4, 6, 607, 475 
0.000000, 940, 10, 0, 4, 6, 608, 475 
0.000000, 942, 10, 0, 4, 6, 608, 476 
0.000000, 942, 10, 0, 4, 6, 609, 476 
0.000000, 942, 10, 0, 4, 6, 610, 476 
0.000000, 944, 10, 0, 4, 6, 610, 477 
0.000000, 944, 10, 0, 4, 6, 611, 477 
0.000000, 946, 10, 0, 4, 6, 611, 478 
0.000000, 946, 10, 0, 4, 6, 612, 478 
0.000000, 948, 10, 0, 4, 6, 612, 479 
0.000000, 948, 10, 0, 4, 6, 613, 479 
0.000000, 950, 10, 0, 4, 6, 613, 480 
0.000000, 949, 11, 0, 4, 7, 613, 480 
0.000000, 949, 11, 0, 4, 7, 614, 480 
0.000000, 951, 11, 0, 4, 7, 614, 481 
0.000000, 951, 11, 0, 4, 7, 615, 481 
0.000000, 953, 11, 0, 4, 7, 615, 482 
0.000000, 953, 11, 0, 4, 7, 616, 482 
0.000000, 953, 11, 0, 4, 7, 617, 482 
0.000000, 953, 11, 0, 4, 7, 618, 482 
0.000000, 955, 11, 0, 4, 7, 618, 483 
0.000000, 955, 11, 0, 4, 7, 619, 483 
0.000000, 957, 11, 0, 4, 7, 619, 484 
0.000000, 957, 11, 0, 4, 7, 620, 484 
0.000000, 959, 11, 0, 4, 7, 620, 485 
0.000000, 959, 11, 0, 4, 7, 621, 485 
0.000000, 959, 11, 0, 4, 7, 622, 485 
0.000000, 961, 11, 0, 4, 7, 622, 486 
0.000000, 961, 11, 0, 4, 7, 623, 486 
0.000000, 963, 11, 0, 4, 7, 623, 487 
0.000000, 963, 11, 0, 4, 7, 624, 487 
0.000000, 965, 11, 0, 4, 7, 624, 488 
0.000000, 965, 11, 0, 4, 7, 625, 488 
0.000000, 967, 11, 0, 4, 7, 625, 489 
0.000000, 967, 11, 0, 4, 7, 626, 489 
0.000000, 969, 11, 0, 4, 7, 626, 490 
0.000000, 969, 11, 0, 4, 7, 627, 490 
0.000000, 969, 11, 0, 4, 7, 628, 490 
0.000000, 971, 11, 0, 4, 7, 628, 491 
0.000000, 971, 11, 0, 4, 7, 629, 491 
0.000000, 973, 11, 0, 4, 7, 629, 492 
0.000000, 973, 11, 0, 4, 7, 630, 492 
0.000000, 975, 11, 0, 4, 7, 630, 493 
0.000000, 975, 11, 0, 4, 7, 631, 493 
0.000000, 975, 11, 0, 4, 7, 632, 493 
0.000000, 977, 11, 0, 4, 7, 632, 494 
0.000000, 977, 11, 0, 4, 7, 633, 494 
0.000000, 979, 11, 0, 4, 7, 633, 495 
0.000000, 979, 11, 0, 4, 7, 634, 495 
0.000000, 981, 11, 0, 4, 7, 634, 496 
0.000000, 981, 11, 0, 4, 7, 635, 496 
0.000000, 983, 11, 0, 4, 7, 635, 497 
0.000000, 983, 11, 0, 4, 7, 636, 497 
0.000000, 985, 11, 0, 4, 7, 636, 498 
0.000000, 985, 11, 0, 4, 7, 637, 498 
0.000000, 987, 11, 0, 4, 7, 637, 499 
0.000000, 987, 11, 0, 4, 7, 638, 499 
0.000000, 987, 11, 0, 4, 7, 639, 499 
0.000000, 989, 11, 0, 4, 7, 639, 500 
0.000000, 989, 11, 0, 4, 7, 640, 500 
0.000000, 991, 11, 0, 4, 7, 640, 501 
0.000000, 991, 11, 0, 4, 7, 641, 501 
0.000000, 993, 11, 0, 4, 7, 641, 502 
0.000000, 993, 11, 0, 4, 7, 642, 502 
0.000000, 995, 11, 0, 4, 7, 642, 503 
0.000000, 995, 11, 0, 4, 7, 643, 503 
0.000000, 997, 11, 0, 4, 7, 643, 504 
0.000000, 997, 11, 0, 4, 7, 644, 504 
0.000000, 999, 11, 0, 4, 7, 644, 505 
0.000000, 999, 11, 0, 4, 7, 645, 505 
0.000000, 1001, 11, 0, 4, 7, 645, 506 
0.000000, 1001, 11, 0, 4, 7, 646, 506 
0.000000, 1003, 11, 0, 4, 7, 646, 507 
0.000000, 1003, 11, 0, 4, 7, 647, 507 
0.000000, 1005, 11, 0, 4, 7, 647, 508 
0.000000, 1005, 11, 0, 4, 7, 648, 508 
0.000000, 1007, 11, 0, 4, 7, 648, 509 
0.000000, 1007, 11, 0, 4, 7, 649, 509 
0.000000, 1007, 11, 0, 4, 7, 650, 509 
0.000000, 1009, 11, 0, 4, 7, 650, 510 
0.000000, 1009, 11, 0, 4, 7, 651, 510 
0.000000, 1011, 11, 0, 4, 7, 651, 511 
0.000000, 1011, 11, 0, 4, 7, 652, 511 
0.000000, 1013, 11, 0, 4, 7, 652, 512 
0.000000, 1013, 11, 0, 4, 7, 653, 512 
0.000000, 1015, 11, 0, 4, 7, 653, 513 
0.000000, 1015, 11, 0, 4, 7, 654, 513 
0.000000, 1017, 11, 0, 4, 7, 654, 514 
0.000000, 1017, 11, 0, 4, 7, 655, 514 
0.000000, 1017, 11, 0, 4, 7, 656, 514 
0.000000, 1019, 11, 0, 4, 7, 656, 515 
0.000000, 1019, 11, 0, 4, 7, 657, 515 
0.000000, 1019, 11, 0, 4, 7, 658, 515 
0.000000, 1019, 11, 0, 4, 7, 659, 515 
0.000000, 1019, 11, 0, 4, 7, 660, 515 
0.000000, 1021, 11, 0, 4, 7, 660, 516 
0.000000, 1021, 11, 0, 4, 7, 661, 516 
0.000000, 1023, 11, 0, 4, 7, 661, 517 
0.000000, 1023, 11, 0, 4, 7, 662, 517 
0.000000, 1025, 11, 0, 4, 7, 662, 518 
0.000000, 1025, 11, 0, 4, 7, 663, 518 
0.000000, 1025, 11, 0, 4, 7, 664, 518 
0.000000, 1027, 11, 0, 4, 7, 664, 519 
0.000000, 1027, 11, 0, 4, 7, 665, 519 
0.000000, 1029, 11, 0, 4, 7, 665, 520 
0.000000, 1029, 11, 0, 4, 7, 666, 520 
0.000000, 1031, 11, 0, 4, 7, 666, 521 
0.000000, 1031, 11, 0, 4, 7, 667, 521 
0.000000, 1031, 11, 0, 4, 7, 668, 521 
0.000000, 1031, 11, 0, 4, 7, 669, 521 
0.000000, 1033, 11, 0, 4, 7, 669, 522 
0.000000, 1033, 11, 0, 4, 7, 670, 522 
0.000000, 1035, 11, 0, 4, 7, 670, 523 
0.000000, 1035, 11, 0, 4, 7, 671, 523 
0.000000, 1035, 11, 0, 4, 7, 672, 523 
0.000000, 1035, 11, 0, 4, 7, 673, 523 
0.000000, 1037, 11, 0, 4, 7, 673, 524 
0.000000, 1037, 11, 0, 4, 7, 674, 524 
0.000000, 1037, 11, 0, 4, 7, 675, 524 
0.000000, 1039, 11, 0, 4, 7, 675, 525 
0.000000, 1039, 11, 0, 4, 7, 676, 525 
0.000000, 1041, 11, 0, 4, 7, 676, 526 
0.000000, 1041, 11, 0, 4, 7, 677, 526 
0.000000, 1043, 11, 0, 4, 7, 677, 527 
0.000000, 1043, 11, 0, 4, 7, 678, 527 
0.000000, 1043, 11, 0, 4, 7, 679, 527 
0.000000, 1045, 11, 0, 4, 7, 679, 528 
0.000000, 1045, 11, 0, 4, 7, 680, 528 
0.000000, 1045, 11, 0, 4, 7, 681, 528 
0.000000, 1047, 11, 0, 4, 7, 681, 529 
0.000000, 1047, 11, 0, 4, 7, 682, 529 
0.000000, 1049, 11, 0, 4, 7, 682, 530 
0.000000, 1049, 11, 0, 4, 7, 683, 530 
0.000000, 1051, 11, 0, 4, 7, 683, 531 
0.000000, 1051, 11, 0, 4, 7, 684, 531 
0.000000, 1053, 11, 0, 4, 7, 684, 532 
0.000000, 1053, 11, 0, 4, 7, 685, 532 
0.000000, 1055, 11, 0, 4, 7, 685, 533 
0.000000, 1055, 11, 0, 4, 7, 686, 533 
0.000000, 1057, 11, 0, 4, 7, 686, 534 
0.000000, 1056, 12, 0, 4, 8, 686, 534 
0.000000, 1056, 12, 0, 4, 8, 687, 534 
0.000000, 1056, 12, 0, 4, 8, 688, 534 
0.000000, 1056, 12, 0, 4, 8, 689, 534 
0.000000, 1058, 12, 0, 4, 8, 689, 535 
0.000000, 1058, 12, 0, 4, 8, 690, 535 
0.000000, 1060, 12, 0, 4, 8, 690, 536 
0.000000, 1060, 12, 0, 4, 8, 691, 536 
0.000000, 1062, 12, 0, 4, 8, 691, 537 
0.000000, 1062, 12, 0, 4, 8, 692, 537 
0.000000, 1064, 12, 0, 4, 8, 692, 538 
0.000000, 1064, 12, 0, 4, 8, 693, 538 
0.000000, 1066, 12, 0, 4, 8, 693, 539 
0.000000, 1066, 12, 0, 4, 8, 694, 539 
0.000000, 1068, 12, 0, 4, 8, 694, 540 
0.000000, 1068, 12, 0, 4, 8, 695, 540 
0.000000, 1070, 12, 0, 4, 8, 695, 541 
0.000000, 1070, 12, 0, 4, 8, 696, 541 
0.000000, 1072, 12, 0, 4, 8, 696, 542 
0.000000, 1072, 12, 0, 4, 8, 697, 542 
0.000000, 1074, 12, 0, 4, 8, 697, 543 
0.000000, 1074, 12, 0, 4, 8, 698, 543 
0.000000, 1076, 12, 0, 4, 8, 698, 544 
0.000000, 1076, 12, 0, 4, 8, 699, 544 
0.000000, 1078, 12, 0, 4, 8, 699, 545 
0.000000, 1078, 12, 0, 4, 8, 700, 545 
0.000000, 1080, 12, 0, 4, 8, 700, 546 
0.000000, 1080, 12, 0, 4, 8, 701, 546 
0.000000, 1082, 12, 0, 4, 8, 701, 547 
0.000000, 1082, 12, 0, 4, 8, 702, 547 
0.000000, 1084, 12, 0, 4, 8, 702, 548 
0.000000, 1084, 12, 0, 4, 8, 703, 548 
0.000000, 1086, 12, 0, 4, 8, 703, 549 
0.000000, 1086, 12, 0, 4, 8, 704, 549 
0.000000, 1088, 12, 0, 4, 8, 704, 550 
0.000000, 1087, 13, 0, 5, 8, 704, 550 
0.000000, 1087, 13, 0, 5, 8, 705, 550 
0.000000, 1089, 13, 0, 5, 8, 705, 551 
0.000000, 1089, 13, 0, 5, 8, 706, 551 
0.000000, 1091, 13, 0, 5, 8, 706, 552 
0.000000, 1091, 13, 0, 5, 8, 707, 552 
0.000000, 1093, 13, 0, 5, 8, 707, 553 
0.000000, 1093, 13, 0, 5, 8, 708, 553 
0.000000, 1095, 13, 0, 5, 8, 708, 554 
0.000000, 1095, 13, 0, 5, 8, 709, 554 
0.000000, 1097, 13, 0, 5, 8, 709, 555 
0.000000, 1097, 13, 0, 5, 8, 710, 555 
0.000000, 1099, 13, 0, 5, 8, 710, 556 
0.000000, 1099, 13, 0, 5, 8, 711, 556 
0.000000, 1101, 13, 0, 5, 8, 711, 557 
0.000000, 1101, 13, 0, 5, 8, 712, 557 
0.000000, 1103, 13, 0, 5, 8, 712, 558 
0.000000, 1103, 13, 0, 5, 8, 713, 558 
0.000000, 1105, 13, 0, 5, 8, 713, 559 
0.000000, 1105, 13, 0, 5, 8, 714, 559 
0.000000, 1107, 13, 0, 5, 8, 714, 560 
0.000000, 1107, 13, 0, 5, 8, 715, 560 
0.000000, 1109, 13, 0, 5, 8, 715, 561 
0.000000, 1109, 13, 0, 5, 8, 716, 561 
0.000000, 1111, 13, 0, 5, 8, 716, 562 
0.000000, 1111, 13, 0, 5, 8, 717, 562 
0.000000, 1113, 13, 0, 5, 8, 717, 563 
0.000000, 1113, 13, 0, 5, 8, 718, 563 
0.000000, 1115, 13, 0, 5, 8, 718, 564 
0.000000, 1115, 13, 0, 5, 8, 719, 564 
0.000000, 1117, 13, 0, 5, 8, 719, 565 
0.000000, 1117, 13, 0, 5, 8, 720, 565 
0.000000, 1119, 13, 0, 5, 8, 720, 566 
0.000000, 1119, 13, 0, 5, 8, 721, 566 
0.000000, 1119, 13, 0, 5, 8, 722, 566 
0.000000, 1121, 13, 0, 5, 8, 722, 567 
0.000000, 1121, 13, 0, 5, 8, 723, 567 
0.000000, 1121, 13, 0, 5, 8, 724, 567 
0.000000, 1123, 13, 0, 5, 8, 724, 568 
0.000000, 1123, 13, 0, 5, 8, 725, 568 
0.000000, 1125, 13, 0, 5, 8, 725, 569 
0.000000, 1125, 13, 0, 5, 8, 726, 569 
0.000000, 1127, 13, 0, 5, 8, 726, 570 
0.000000, 1127, 13, 0, 5, 8, 727, 570 
0.000000, 1129, 13, 0, 5, 8, 727, 571 
0.000000, 1129, 13, 0, 5, 8, 728, 571 
0.000000, 1131, 13, 0, 5, 8, 728, 572 
0.000000, 1131, 13, 0, 5, 8, 729, 572 
0.000000, 1133, 13, 0, 5, 8, 729, 573 
0.000000, 1133, 13, 0, 5, 8, 730, 573 
0.000000, 1133, 13, 0, 5, 8, 731, 573 
0.000000, 1135, 13, 0, 5, 8, 731, 574 
0.000000, 1135, 13, 0, 5, 8, 732, 574 
0.000000, 1137, 13, 0, 5, 8, 732, 575 
0.000000, 1137, 13, 0, 5, 8, 733, 575 
0.000000, 1137, 13, 0, 5, 8, 734, 575 
0.000000, 1139, 13, 0, 5, 8, 734, 576 
0.000000, 1139, 13, 0, 5, 8, 735, 576 
0.000000, 1139, 13, 0, 5, 8, 736, 576 
0.000000, 1139, 13, 0, 5, 8, 737, 576 
0.000000, 1141, 13, 0, 5, 8, 737, 577 
0.000000, 1141, 13, 0, 5, 8, 738, 577 
0.000000, 1143, 13, 0, 5, 8, 738, 578 
0.000000, 1143, 13, 0, 5, 8, 739, 578 
0.000000, 1145, 13, 0, 5, 8, 739, 579 
0.000000, 1145, 13, 0, 5, 8, 740, 579 
0.000000, 1147, 13, 0, 5, 8, 740, 580 
0.000000, 1147, 13, 0, 5, 8, 741, 580 
0.000000, 1147, 13, 0, 5, 8, 742, 580 
0.000000, 1147, 13, 0, 5, 8, 743, 580 
0.000000, 1149, 13, 0, 5, 8, 743, 581 
0.000000, 1149, 13, 0, 5, 8, 744, 581 
0.000000, 1151, 13, 0, 5, 8, 744, 582 
0.000000, 1151, 13, 0, 5, 8, 745, 582 
0.000000, 1153, 13, 0, 5, 8, 745, 583 
0.000000, 1153, 13, 0, 5, 8, 746, 583 
0.000000, 1155, 13, 0, 5, 8, 746, 584 
0.000000, 1155, 13, 0, 5, 8, 747, 584 
0.000000, 1157, 13, 0, 5, 8, 747, 585 
0.000000, 1157, 13, 0, 5, 8, 748, 585 
0.000000, 1157, 13, 0, 5, 8, 749, 585 
0.000000, 1159, 13, 0, 5, 8, 749, 586 
0.000000, 1159, 13, 0, 5, 8, 750, 586 
0.000000, 1161, 13, 0, 5, 8, 750, 587 
0.000000, 1161, 13, 0, 5, 8, 751, 587 
0.000000, 1161, 13, 0, 5, 8, 752, 587 
0.000000, 1163, 13, 0, 5, 8, 752, 588 
0.000000, 1163, 13, 0, 5, 8, 753, 588 
0.000000, 1165, 13, 0, 5, 8, 753, 589 
0.000000, 1165, 13, 0, 5, 8, 754, 589 
0.000000, 1167, 13, 0, 5, 8, 754, 590 
0.000000, 1167, 13, 0, 5, 8, 755, 590 
0.000000, 1169, 13, 0, 5, 8, 755, 591 
0.000000, 1169, 13, 0, 5, 8, 756, 591 
0.000000, 1171, 13, 0, 5, 8, 756, 592 
0.000000, 1171, 13, 0, 5, 8, 757, 592 
0.000000, 1173, 13, 0, 5, 8, 757, 593 
0.000000, 1173, 13, 0, 5, 8, 758, 593 
0.000000, 1175, 13, 0, 5, 8, 758, 594 
0.000000, 1175, 13, 0, 5, 8, 759, 594 
0.000000, 1177, 13, 0, 5, 8, 759, 595 
0.000000, 1177, 13, 0, 5, 8, 760, 595 
0.000000, 1177, 13, 0, 5, 8, 761, 595 
0.000000, 1179, 13, 0, 5, 8, 761, 596 
0.000000, 1179, 13, 0, 5, 8, 762, 596 
0.000000, 1179, 13, 0, 5, 8, 763, 596 
0.000000, 1181, 13, 0, 5, 8, 763, 597 
0.000000, 1181, 13, 0, 5, 8, 764, 597 
0.000000, 1183, 13, 0, 5, 8, 764, 598 
0.000000, 1183, 13, 0, 5, 8, 765, 598 
0.000000, 1185, 13, 0, 5, 8, 765, 599 
0.000000, 1185, 13, 0, 5, 8, 766, 599 
0.000000, 1185, 13, 0, 5, 8, 767, 599 
0.000000, 1187, 13, 0, 5, 8, 767, 600 
0.000000, 1187, 13, 0, 5, 8, 768, 600 
0.000000, 1189, 13, 0, 5, 8, 768, 601 
0.000000, 1189, 13, 0, 5, 8, 769, 601 
0.000000, 1189, 13, 0, 5, 8, 770, 601 
0.000000, 1191, 13, 0, 5, 8, 770, 602 
0.000000, 1191, 13, 0, 5, 8, 771, 602 
0.000000, 1193, 13, 0, 5, 8, 771, 603 
0.000000, 1193, 13, 0, 5, 8, 772, 603 
0.000000, 1195, 13, 0, 5, 8, 772, 604 
0.000000, 1195, 13, 0, 5, 8, 773, 604 
0.000000, 1195, 13, 0, 5, 8, 774, 604 
0.000000, 1197, 13, 0, 5, 8, 774, 605 
0.000000, 1197, 13, 0, 5, 8, 775, 605 
0.000000, 1199, 13, 0, 5, 8, 775, 606 
0.000000, 1199, 13, 0, 5, 8, 776, 606 
0.000000, 1201, 13, 0, 5, 8, 776, 607 
0.000000, 1201, 13, 0, 5, 8, 777, 607 
0.000000, 1203, 13, 0, 5, 8, 777, 608 
0.000000, 1203, 13, 0, 5, 8, 778, 608 
0.000000, 1205, 13, 0, 5, 8, 778, 609 
0.000000, 1205, 13, 0, 5, 8, 779, 609 
0.000000, 1205, 13, 0, 5, 8, 780, 609 
0.000000, 1207, 13, 0, 5, 8, 780, 610 
0.000000, 1207, 13, 0, 5, 8, 781, 610 
0.000000, 1209, 13, 0, 5, 8, 781, 611 
0.000000, 1209, 13, 0, 5, 8, 782, 611 
0.000000, 1211, 13, 0, 5, 8, 782, 612 
0.000000, 1211, 13, 0, 5, 8, 783, 612 
0.000000, 1213, 13, 0, 5, 8, 783, 613 
0.000000, 1213, 13, 0, 5, 8, 784, 613 
0.000000, 1213, 13, 0, 5, 8, 785, 613 
0.000000, 1213, 13, 0, 5, 8, 786, 613 
0.000000, 1213, 13, 0, 5, 8, 787, 613 
0.000000, 1215, 13, 0, 5, 8, 787, 614 
0.000000, 1215, 13, 0, 5, 8, 788, 614 
0.000000, 1217, 13, 0, 5, 8, 788, 615 
0.000000, 1217, 13, 0, 5, 8, 789, 615 
0.000000, 1219, 13, 0, 5, 8, 789, 616 
0.000000, 1219, 13, 0, 5, 8, 790, 616 
0.000000, 1219, 13, 0, 5, 8, 791, 616 
0.000000, 1221, 13, 0, 5, 8, 791, 617 
0.000000, 1221, 13, 0, 5, 8, 792, 617 
0.000000, 1223, 13, 0, 5, 8, 792, 618 
0.000000, 1223, 13, 0, 5, 8, 793, 618 
0.000000, 1225, 13, 0, 5, 8, 793, 619 
0.000000, 1225, 13, 0, 5, 8, 794, 619 
0.000000, 1225, 13, 0, 5, 8, 795, 619 
0.000000, 1227, 13, 0, 5, 8, 795, 620 
0.000000, 1227, 13, 0, 5, 8, 796, 620 
0.000000, 1227, 13, 0, 5, 8, 797, 620 
0.000000, 1229, 13, 0, 5, 8, 797, 621 
0.000000, 1229, 13, 0, 5, 8, 798, 621 
0.000000, 1231, 13, 0, 5, 8, 798, 622 
0.000000, 1231, 13, 0, 5, 8, 799, 622 
0.000000, 1233, 13, 0, 5, 8, 799, 623 
0.000000, 1233, 13, 0, 5, 8, 800, 623 
0.000000, 1235, 13, 0, 5, 8, 800, 624 
0.000000, 1235, 13, 0, 5, 8, 801, 624 
0.000000, 1237, 13, 0, 5, 8, 801, 625 
0.000000, 1237, 13, 0, 5, 8, 802, 625 
0.000000, 1239, 13, 0, 5, 8, 802, 626 
0.000000, 1239, 13, 0, 5, 8, 803, 626 
0.000000, 1241, 13, 0, 5, 8, 803, 627 
0.000000, 1241, 13, 0, 5, 8, 804, 627 
0.000000, 1243, 13, 0, 5, 8, 804, 628 
0.000000, 1243, 13, 0, 5, 8, 805, 628 
0.000000, 1245, 13, 0, 5, 8, 805, 629 
0.000000, 1245, 13, 0, 5, 8, 806, 629 
0.000000, 1247, 13, 0, 5, 8, 806, 630 
0.000000, 1247, 13, 0, 5, 8, 807, 630 
0.000000, 1247, 13, 0, 5, 8, 808, 630 
0.000000, 1249, 13, 0, 5, 8, 808, 631 
0.000000, 1249, 13, 0, 5, 8, 809, 631 
0.000000, 1251, 13, 0, 5, 8, 809, 632 
0.000000, 1251, 13, 0, 5, 8, 810, 632 
0.000000, 1253, 13, 0, 5, 8, 810, 633 
0.000000, 1253, 13, 0, 5, 8, 811, 633 
0.000000, 1255, 13, 0, 5, 8, 811, 634 
0.000000, 1255, 13, 0, 5, 8, 812, 634 
0.000000, 1255, 13, 0, 5, 8, 813, 634 
0.000000, 1255, 13, 0, 5, 8, 814, 634 
0.000000, 1257, 13, 0, 5, 8, 814, 635 
0.000000, 1257, 13, 0, 5, 8, 815, 635 
0.000000, 1259, 13, 0, 5, 8, 815, 636 
0.000000, 1259, 13, 0, 5, 8, 816, 636 
0.000000, 1261, 13, 0, 5, 8, 816, 637 
0.000000, 1261, 13, 0, 5, 8, 817, 637 
0.000000, 1263, 13, 0, 5, 8, 817, 638 
0.000000, 1263, 13, 0, 5, 8, 818, 638 
0.000000, 1265, 13, 0, 5, 8, 818, 639 
0.000000, 1265, 13, 0, 5, 8, 819, 639 
0.000000, 1267, 13, 0, 5, 8, 819, 640 
0.000000, 1267, 13, 0, 5, 8, 820, 640 
0.000000, 1269, 13, 0, 5, 8, 820, 641 
0.000000, 1269, 13, 0, 5, 8, 821, 641 
0.000000, 1271, 13, 0, 5, 8, 821, 642 
0.000000, 1271, 13, 0, 5, 8, 822, 642 
0.000000, 1273, 13, 0, 5, 8, 822, 643 
0.000000, 1273, 13, 0, 5, 8, 823, 643 
0.000000, 1275, 13, 0, 5, 8, 823, 644 
0.000000, 1274, 14, 0, 5, 9, 823, 644 
0.000000, 1274, 14, 0, 5, 9, 824, 644 
0.000000, 1276, 14, 0, 5, 9, 824, 645 
0.000000, 1276, 14, 0, 5, 9, 825, 645 
0.000000, 1276, 14, 0, 5, 9, 826, 645 
0.000000, 1278, 14, 0, 5, 9, 826, 646 
0.000000, 1278, 14, 0, 5, 9, 827, 646 
0.000000, 1280, 14, 0, 5, 9, 827, 647 
0.000000, 1280, 14, 0, 5, 9, 828, 647 
0.000000, 1282, 14, 0, 5, 9, 828, 648 
0.000000, 1282, 14, 0, 5, 9, 829, 648 
0.000000, 1284, 14, 0, 5, 9, 829, 649 
0.000000, 1284, 14, 0, 5, 9, 830, 649 
0.000000, 1284, 14, 0, 5, 9, 831, 649 
0.000000, 1286, 14, 0, 5, 9, 831, 650 
0.000000, 1286, 14, 0, 5, 9, 832, 650 
0.000000, 1286, 14, 0, 5, 9, 833, 650 
0.000000, 1288, 14, 0, 5, 9, 833, 651 
0.000000, 1288, 14, 0, 5, 9, 834, 651 
0.000000, 1290, 14, 0, 5, 9, 834, 652 
0.000000, 1289, 15, 0, 6, 9, 834, 652 
0.000000, 1289, 15, 0, 6, 9, 835, 652 
0.000000, 1291, 15, 0, 6, 9, 835, 653 
0.000000, 1291, 15, 0, 6, 9, 836, 653 
0.000000, 1291, 15, 0, 6, 9, 837, 653 
0.000000, 1291, 15, 0, 6, 9, 838, 653 
0.000000, 1293, 15, 0, 6, 9, 838, 654 
0.000000, 1293, 15, 0, 6, 9, 839, 654 
0.000000, 1295, 15, 0, 6, 9, 839, 655 
0.000000, 1295, 15, 0, 6, 9, 840, 655 
0.000000, 1297, 15, 0, 6, 9, 840, 656 
0.000000, 1297, 15, 0, 6, 9, 841, 656 
0.000000, 1297, 15, 0, 6, 9, 842, 656 
0.000000, 1299, 15, 0, 6, 9, 842, 657 
0.000000, 1298, 16, 0, 6, 10, 842, 657 
0.000000, 1298, 16, 0, 6, 10, 843, 657 
0.000000, 1300, 16, 0, 6, 10, 843, 658 
0.000000, 1300, 16, 0, 6, 10, 844, 658 
0.000000, 1302, 16, 0, 6, 10, 844, 659 
0.000000, 1302, 16, 0, 6, 10, 845, 659 
0.000000, 1304, 16, 0, 6, 10, 845, 660 
0.000000, 1304, 16, 0, 6, 10, 846, 660 
0.000000, 1304, 16, 0, 6, 10, 847, 660 
0.000000, 1304, 16, 0, 6, 10, 848, 660 
0.000000, 1304, 16, 0, 6, 10, 849, 660 
0.000000, 1306, 16, 0, 6, 10, 849, 661 
0.000000, 1306, 16, 0, 6, 10, 850, 661 
0.000000, 1308, 16, 0, 6, 10, 850, 662 
0.000000, 1308, 16, 0, 6, 10, 851, 662 
0.000000, 1310, 16, 0, 6, 10, 851, 663 
0.000000, 1310, 16, 0, 6, 10, 852, 663 
0.000000, 1310, 16, 0, 6, 10, 853, 663 
0.000000, 1310, 16, 0, 6, 10, 854, 663 
0.000000, 1312, 16, 0, 6, 10, 854, 664 
0.000000, 1312, 16, 0, 6, 10, 855, 664 
0.000000, 1314, 16, 0, 6, 10, 855, 665 
0.000000, 1314, 16, 0, 6, 10, 856, 665 
0.000000, 1316, 16, 0, 6, 10, 856, 666 
0.000000, 1316, 16, 0, 6, 10, 857, 666 
0.000000, 1318, 16, 0, 6, 10, 857, 667 
0.000000, 1318, 16, 0, 6, 10, 858, 667 
0.000000, 1320, 16, 0, 6, 10, 858, 668 
0.000000, 1320, 16, 0, 6, 10, 859, 668 
0.000000, 1322, 16, 0, 6, 10, 859, 669 
0.000000, 1322, 16, 0, 6, 10, 860, 669 
0.000000, 1322, 16, 0, 6, 10, 861, 669 
0.000000, 1322, 16, 0, 6, 10, 862, 669 
0.000000, 1324, 16, 0, 6, 10, 862, 670 
0.000000, 1324, 16, 0, 6, 10, 863, 670 
0.000000, 1326, 16, 0, 6, 10, 863, 671 
0.000000, 1326, 16, 0, 6, 10, 864, 671 
0.000000, 1326, 16, 0, 6, 10, 865, 671 
0.000000, 1328, 16, 0, 6, 10, 865, 672 
0.000000, 1328, 16, 0, 6, 10, 866, 672 
0.000000, 1330, 16, 0, 6, 10, 866, 673 
0.000000, 1330, 16, 0, 6, 10, 867, 673 
0.000000, 1332, 16, 0, 6, 10, 867, 674 
0.000000, 1332, 16, 0, 6, 10, 868, 674 
0.000000, 1334, 16, 0, 6, 10, 868, 675 
0.000000, 1334, 16, 0, 6, 10, 869, 675 
0.000000, 1336, 16, 0, 6, 10, 869, 676 
0.000000, 1336, 16, 0, 6, 10, 870, 676 
0.000000, 1338, 16, 0, 6, 10, 870, 677 
0.000000, 1338, 16, 0, 6, 10, 871, 677 
0.000000, 1340, 16, 0, 6, 10, 871, 678 
0.000000, 1340, 16, 0, 6, 10, 872, 678 
0.000000, 1340, 16, 0, 6, 10, 873, 678 
0.000000, 1342, 16, 0, 6, 10, 873, 679 
0.000000, 1342, 16, 0, 6, 10, 874, 679 
0.000000, 1344, 16, 0, 6, 10, 874, 680 
0.000000, 1344, 16, 0, 6, 10, 875, 680 
0.000000, 1346, 16, 0, 6, 10, 875, 681 
0.000000, 1346, 16, 0, 6, 10, 876, 681 
0.000000, 1348, 16, 0, 6, 10, 876, 682 
0.000000, 1348, 16, 0, 6, 10, 877, 682 
0.000000, 1350, 16, 0, 6, 10, 877, 683 
0.000000, 1350, 16, 0, 6, 10, 878, 683 
0.000000, 1352, 16, 0, 6, 10, 878, 684 
0.000000, 1352, 16, 0, 6, 10, 879, 684 
0.000000, 1354, 16, 0, 6, 10, 879, 685 
0.000000, 1354, 16, 0, 6, 10, 880, 685 
0.000000, 1356, 16, 0, 6, 10, 880, 686 
0.000000, 1356, 16, 0, 6, 10, 881, 686 
0.000000, 1358, 16, 0, 6, 10, 881, 687 
0.000000, 1358, 16, 0, 6, 10, 882, 687 
0.000000, 1358, 16, 0, 6, 10, 883, 687 
0.000000, 1360, 16, 0, 6, 10, 883, 688 
0.000000, 1360, 16, 0, 6, 10, 884, 688 
0.000000, 1360, 16, 0, 6, 10, 885, 688 
0.000000, 1360, 16, 0, 6, 10, 886, 688 
0.000000, 1362, 16, 0, 6, 10, 886, 689 
0.000000, 1362, 16, 0, 6, 10, 887, 689 
0.000000, 1364, 16, 0, 6, 10, 887, 690 
0.000000, 1364, 16, 0, 6, 10, 888, 690 
0.000000, 1366, 16, 0, 6, 10, 888, 691 
0.000000, 1365, 17, 0, 6, 11, 888, 691 
0.000000, 1365, 17, 0, 6, 11, 889, 691 
0.000000, 1367, 17, 0, 6, 11, 889, 692 
0.000000, 1367, 17, 0, 6, 11, 890, 692 
0.000000, 1369, 17, 0, 6, 11, 890, 693 
0.000000, 1369, 17, 0, 6, 11, 891, 693 
0.000000, 1371, 17, 0, 6, 11, 891, 694 
0.000000, 1371, 17, 0, 6, 11, 892, 694 
0.000000, 1371, 17, 0, 6, 11, 893, 694 
0.000000, 1373, 17, 0, 6, 11, 893, 695 
0.000000, 1373, 17, 0, 6, 11, 894, 695 
0.000000, 1375, 17, 0, 6, 11, 894, 696 
0.000000, 1375, 17, 0, 6, 11, 895, 696 
0.000000, 1375, 17, 0, 6, 11, 896, 696 
0.000000, 1377, 17, 0, 6, 11, 896, 697 
0.000000, 1377, 17, 0, 6, 11, 897, 697 
0.000000, 1379, 17, 0, 6, 11, 897, 698 
0.000000, 1379, 17, 0, 6, 11, 898, 698 
0.000000, 1379, 17, 0, 6, 11, 899, 698 
0.000000, 1381, 17, 0, 6, 11, 899, 699 
0.000000, 1381, 17, 0, 6, 11, 900, 699 
0.000000, 1383, 17, 0, 6, 11, 900, 700 
0.000000, 1383, 17, 0, 6, 11, 901, 700 
0.000000, 1385, 17, 0, 6, 11, 901, 701 
0.000000, 1385, 17, 0, 6, 11, 902, 701 
0.000000, 1385, 17, 0, 6, 11, 903, 701 
0.000000, 1387, 17, 0, 6, 11, 903, 702 
0.000000, 1387, 17, 0, 6, 11, 904, 702 
0.000000, 1389, 17, 0, 6, 11, 904, 703 
0.000000, 1389, 17, 0, 6, 11, 905, 703 
0.000000, 1391, 17, 0, 6, 11, 905, 704 
0.000000, 1391, 17, 0, 6, 11, 906, 704 
0.000000, 1393, 17, 0, 6, 11, 906, 705 
0.000000, 1393, 17, 0, 6, 11, 907, 705 
0.000000, 1393, 17, 0, 6, 11, 908, 705 
0.000000, 1395, 17, 0, 6, 11, 908, 706 
0.000000, 1395, 17, 0, 6, 11, 909, 706 
0.000000, 1397, 17, 0, 6, 11, 909, 707 
0.000000, 1397, 17, 0, 6, 11, 910, 707 
0.000000, 1399, 17, 0, 6, 11, 910, 708 
0.000000, 1399, 17, 0, 6, 11, 911, 708 
0.000000, 1401, 17, 0, 6, 11, 911, 709 
0.000000, 1401, 17, 0, 6, 11, 912, 709 
0.000000, 1403, 17, 0, 6, 11, 912, 710 
0.000000, 1403, 17, 0, 6, 11, 913, 710 
0.000000, 1403, 17, 0, 6, 11, 914, 710 
0.000000, 1405, 17, 0, 6, 11, 914, 711 
0.000000, 1405, 17, 0, 6, 11, 915, 711 
0.000000, 1407, 17, 0, 6, 11, 915, 712 
0.000000, 1407, 17, 0, 6, 11, 916, 712 
0.000000, 1409, 17, 0, 6, 11, 916, 713 
0.000000, 1409, 17, 0, 6, 11, 917, 713 
0.000000, 1411, 17, 0, 6, 11, 917, 714 
0.000000, 1411, 17, 0, 6, 11, 918, 714 
0.000000, 1413, 17, 0, 6, 11, 918, 715 
0.000000, 1413, 17, 0, 6, 11, 919, 715 
0.000000, 1415, 17, 0, 6, 11, 919, 716 
0.000000, 1415, 17, 0, 6, 11, 920, 716 
0.000000, 1417, 17, 0, 6, 11, 920, 717 
0.000000, 1417, 17, 0, 6, 11, 921, 717 
0.000000, 1419, 17, 0, 6, 11, 921, 718 
0.000000, 1419, 17, 0, 6, 11, 922, 718 
0.000000, 1421, 17, 0, 6, 11, 922, 719 
0.000000, 1421, 17, 0, 6, 11, 923, 719 
0.000000, 1421, 17, 0, 6, 11, 924, 719 
0.000000, 1423, 17, 0, 6, 11, 924, 720 
0.000000, 1423, 17, 0, 6, 11, 925, 720 
0.000000, 1425, 17, 0, 6, 11, 925, 721 
0.000000, 1425, 17, 0, 6, 11, 926, 721 
0.000000, 1427, 17, 0, 6, 11, 926, 722 
0.000000, 1427, 17, 0, 6, 11, 927, 722 
0.000000, 1429, 17, 0, 6, 11, 927, 723 
0.000000, 1429, 17, 0, 6, 11, 928, 723 
0.000000, 1431, 17, 0, 6, 11, 928, 724 
0.000000, 1431, 17, 0, 6, 11, 929, 724 
0.000000, 1433, 17, 0, 6, 11, 929, 725 
0.000000, 1433, 17, 0, 6, 11, 930, 725 
0.000000, 1435, 17, 0, 6, 11, 930, 726 
0.000000, 1435, 17, 0, 6, 11, 931, 726 
0.000000, 1437, 17, 0, 6, 11, 931, 727 
0.000000, 1437, 17, 0, 6, 11, 932, 727 
0.000000, 1437, 17, 0, 6, 11, 933, 727 
0.000000, 1437, 17, 0, 6, 11, 934, 727 
0.000000, 1437, 17, 0, 6, 11, 935, 727 
0.000000, 1439, 17, 0, 6, 11, 935, 728 
0.000000, 1439, 17, 0, 6, 11, 936, 728 
0.000000, 1441, 17, 0, 6, 11, 936, 729 
0.000000, 1441, 17, 0, 6, 11, 937, 729 
0.000000, 1443, 17, 0, 6, 11, 937, 730 
0.000000, 1443, 17, 0, 6, 11, 938, 730 
0.000000, 1445, 17, 0, 6, 11, 938, 731 
0.000000, 1445, 17, 0, 6, 11, 939, 731 
0.000000, 1445, 17, 0, 6, 11, 940, 731 
0.000000, 1447, 17, 0, 6, 11, 940, 732 
0.000000, 1447, 17, 0, 6, 11, 941, 732 
0.000000, 1449, 17, 0, 6, 11, 941, 733 
0.000000, 1449, 17, 0, 6, 11, 942, 733 
0.000000, 1451, 17, 0, 6, 11, 942, 734 
0.000000, 1451, 17, 0, 6, 11, 943, 734 
0.000000, 1453, 17, 0, 6, 11, 943, 735 
0.000000, 1453, 17, 0, 6, 11, 944, 735 
0.000000, 1455, 17, 0, 6, 11, 944, 736 
0.000000, 1455, 17, 0, 6, 11, 945, 736 
0.000000, 1457, 17, 0, 6, 11, 945, 737 
0.000000, 1457, 17, 0, 6, 11, 946, 737 
0.000000, 1459, 17, 0, 6, 11, 946, 738 
0.000000, 1459, 17, 0, 6, 11, 947, 738 
0.000000, 1461, 17, 0, 6, 11, 947, 739 
0.000000, 1461, 17, 0, 6, 11, 948, 739 
0.000000, 1463, 17, 0, 6, 11, 948, 740 
0.000000, 1463, 17, 0, 6, 11, 949, 740 
0.000000, 1465, 17, 0, 6, 11, 949, 741 
0.000000, 1465, 17, 0, 6, 11, 950, 741 
0.000000, 1467, 17, 0, 6, 11, 950, 742 
0.000000, 1467, 17, 0, 6, 11, 951, 742 
0.000000, 1469, 17, 0, 6, 11, 951, 743 
0.000000, 1469, 17, 0, 6, 11, 952, 743 
0.000000, 1471, 17, 0, 6, 11, 952, 744 
0.000000, 1471, 17, 0, 6, 11, 953, 744 
0.000000, 1473, 17, 0, 6, 11, 953, 745 
0.000000, 1473, 17, 0, 6, 11, 954, 745 
0.000000, 1475, 17, 0, 6, 11, 954, 746 
0.000000, 1475, 17, 0, 6, 11, 955, 746 
0.000000, 1477, 17, 0, 6, 11, 955, 747 
0.000000, 1477, 17, 0, 6, 11, 956, 747 
0.000000, 1479, 17, 0, 6, 11, 956, 748 
0.000000, 1479, 17, 0, 6, 11, 957, 748 
0.000000, 1481, 17, 0, 6, 11, 957, 749 
0.000000, 1481, 17, 0, 6, 11, 958, 749 
0.000000, 1481, 17, 0, 6, 11, 959, 749 
0.000000, 1481, 17, 0, 6, 11, 960, 749 
0.000000, 1483, 17, 0, 6, 11, 960, 750 
0.000000, 1483, 17, 0, 6, 11, 961, 750 
0.000000, 1485, 17, 0, 6, 11, 961, 751 
0.000000, 1485, 17, 0, 6, 11, 962, 751 
0.000000, 1487, 17, 0, 6, 11, 962, 752 
0.000000, 1487, 17, 0, 6, 11, 963, 752 
0.000000, 1487, 17, 0, 6, 11, 964, 752 
0.000000, 1489, 17, 0, 6, 11, 964, 753 
0.000000, 1489, 17, 0, 6, 11, 965, 753 
0.000000, 1491, 17, 0, 6, 11, 965, 754 
0.000000, 1491, 17, 0, 6, 11, 966, 754 
0.000000, 1493, 17, 0, 6, 11, 966, 755 
0.000000, 1493, 17, 0, 6, 11, 967, 755 
0.000000, 1493, 17, 0, 6, 11, 968, 755 
0.000000, 1495, 17, 0, 6, 11, 968, 756 
0.000000, 1495, 17, 0, 6, 11, 969, 756 
0.000000, 1497, 17, 0, 6, 11, 969, 757 
0.000000, 1497, 17, 0, 6, 11, 970, 757 
0.000000, 1499, 17, 0, 6, 11, 970, 758 
0.000000, 1499, 17, 0, 6, 11, 971, 758 
0.000000, 1501, 17, 0, 6, 11, 971, 759 
0.000000, 1501, 17, 0, 6, 11, 972, 759 
0.000000, 1503, 17, 0, 6, 11, 972, 760 
0.000000, 1503, 17, 0, 6, 11, 973, 760 
0.000000, 1505, 17, 0, 6, 11, 973, 761 
0.000000, 1505, 17, 0, 6, 11, 974, 761 
0.000000, 1505, 17, 0, 6, 11, 975, 761 
0.000000, 1507, 17, 0, 6, 11, 975, 762 
0.000000, 1507, 17, 0, 6, 11, 976, 762 
0.000000, 1509, 17, 0, 6, 11, 976, 763 
0.000000, 1509, 17, 0, 6, 11, 977, 763 
0.000000, 1509, 17, 0, 6, 11, 978, 763 
0.000000, 1511, 17, 0, 6, 11, 978, 764 
0.000000, 1511, 17, 0, 6, 11, 979, 764 
0.000000, 1513, 17, 0, 6, 11, 979, 765 
0.000000, 1513, 17, 0, 6, 11, 980, 765 
0.000000, 1513, 17, 0, 6, 11, 981, 765 
0.000000, 1515, 17, 0, 6, 11, 981, 766 
0.000000, 1515, 17, 0, 6, 11, 982, 766 
0.000000, 1515, 17, 0, 6, 11, 983, 766 
0.000000, 1517, 17, 0, 6, 11, 983, 767 
0.000000, 1517, 17, 0, 6, 11, 984, 767 
0.000000, 1519, 17, 0, 6, 11, 984, 768 
0.000000, 1519, 17, 0, 6, 11, 985, 768 
0.000000, 1521, 17, 0, 6, 11, 985, 769 
0.000000, 1521, 17, 0, 6, 11, 986, 769 
0.000000, 1523, 17, 0, 6, 11, 986, 770 
0.000000, 1523, 17, 0, 6, 11, 987, 770 
0.000000, 1525, 17, 0, 6, 11, 987, 771 
0.000000, 1525, 17, 0, 6, 11, 988, 771 
0.000000, 1527, 17, 0, 6, 11, 988, 772 
0.000000, 1527, 17, 0, 6, 11, 989, 772 
0.000000, 1527, 17, 0, 6, 11, 990, 772 
0.000000, 1529, 17, 0, 6, 11, 990, 773 
0.000000, 1529, 17, 0, 6, 11, 991, 773 
0.000000, 1531, 17, 0, 6, 11, 991, 774 
0.000000, 1531, 17, 0, 6, 11, 992, 774 
0.000000, 1531, 17, 0, 6, 11, 993, 774 
0.000000, 1533, 17, 0, 6, 11, 993, 775 
0.000000, 1533, 17, 0, 6, 11, 994, 775 
0.000000, 1535, 17, 0, 6, 11, 994, 776 
0.000000, 1534, 18, 0, 6, 12, 994, 776 
0.000000, 1534, 18, 0, 6, 12, 995, 776 
0.000000, 1536, 18, 0, 6, 12, 995, 777 
0.000000, 1536, 18, 0, 6, 12, 996, 777 
0.000000, 1538, 18, 0, 6, 12, 996, 778 
0.000000, 1538, 18, 0, 6, 12, 997, 778 
0.000000, 1538, 18, 0, 6, 12, 998, 778 
0.000000, 1540, 18, 0, 6, 12, 998, 779 
0.000000, 1540, 18, 0, 6, 12, 999, 779 
0.000000, 1540, 18, 0, 6, 12, 1000, 779 
0.000000, 1542, 18, 0, 6, 12, 1000, 780 
0.000000, 1542, 18, 0, 6, 12, 1001, 780 
0.000000, 1544, 18, 0, 6, 12, 1001, 781 
0.000000, 1544, 18, 0, 6, 12, 1002, 781 
0.000000, 1546, 18, 0, 6, 12, 1002, 782 
0.000000, 1546, 18, 0, 6, 12, 1003, 782 
0.000000, 1548, 18, 0, 6, 12, 1003, 783 
0.000000, 1548, 18, 0, 6, 12, 1004, 783 
0.000000, 1550, 18, 0, 6, 12, 1004, 784 
0.000000, 1550, 18, 0, 6, 12, 1005, 784 
0.000000, 1552, 18, 0, 6, 12, 1005, 785 
0.000000, 1552, 18, 0, 6, 12, 1006, 785 
0.000000, 1554, 18, 0, 6, 12, 1006, 786 
0.000000, 1554, 18, 0, 6, 12, 1007, 786 
0.000000, 1556, 18, 0, 6, 12, 1007, 787 
0.000000, 1556, 18, 0, 6, 12, 1008, 787 
0.000000, 1558, 18, 0, 6, 12, 1008, 788 
0.000000, 1558, 18, 0, 6, 12, 1009, 788 
0.000000, 1560, 18, 0, 6, 12, 1009, 789 
0.000000, 1560, 18, 0, 6, 12, 1010, 789 
0.000000, 1562, 18, 0, 6, 12, 1010, 790 
0.000000, 1562, 18, 0, 6, 12, 1011, 790 
0.000000, 1564, 18, 0, 6, 12, 1011, 791 
0.000000, 1564, 18, 0, 6, 12, 1012, 791 
0.000000, 1566, 18, 0, 6, 12, 1012, 792 
0.000000, 1566, 18, 0, 6, 12, 1013, 792 
0.000000, 1568, 18, 0, 6, 12, 1013, 793 
0.000000, 1568, 18, 0, 6, 12, 1014, 793 
0.000000, 1570, 18, 0, 6, 12, 1014, 794 
0.000000, 1570, 18, 0, 6, 12, 1015, 794 
0.000000, 1572, 18, 0, 6, 12, 1015, 795 
0.000000, 1572, 18, 0, 6, 12, 1016, 795 
0.000000, 1574, 18, 0, 6, 12, 1016, 796 
0.000000, 1574, 18, 0, 6, 12, 1017, 796 
0.000000, 1576, 18, 0, 6, 12, 1017, 797 
0.000000, 1576, 18, 0, 6, 12, 1018, 797 
0.000000, 1578, 18, 0, 6, 12, 1018, 798 
0.000000, 1578, 18, 0, 6, 12, 1019, 798 
0.000000, 1580, 18, 0, 6, 12, 1019, 799 
0.000000, 1580, 18, 0, 6, 12, 1020, 799 
0.000000, 1582, 18, 0, 6, 12, 1020, 800 
0.000000, 1582, 18, 0, 6, 12, 1021, 800 
0.000000, 1584, 18, 0, 6, 12, 1021, 801 
0.000000, 1584, 18, 0, 6, 12, 1022, 801 
0.000000, 1586, 18, 0, 6, 12, 1022, 802 
0.000000, 1586, 18, 0, 6, 12, 1023, 802 
0.000000, 1588, 18, 0, 6, 12, 1023, 803 
0.000000, 1588, 18, 0, 6, 12, 1024, 803 
0.000000, 1590, 18, 0, 6, 12, 1024, 804 
0.000000, 1590, 18, 0, 6, 12, 1025, 804 
0.000000, 1590, 18, 0, 6, 12, 1026, 804 
0.000000, 1592, 18, 0, 6, 12, 1026, 805 
0.000000, 1592, 18, 0, 6, 12, 1027, 805 
0.000000, 1594, 18, 0, 6, 12, 1027, 806 
0.000000, 1593, 19, 0, 6, 13, 1027, 806 
0.000000, 1593, 19, 0, 6, 13, 1028, 806 
0.000000, 1593, 19, 0, 6, 13, 1029, 806 
0.000000, 1593, 19, 0, 6, 13, 1030, 806 
0.000000, 1595, 19, 0, 6, 13, 1030, 807 
0.000000, 1595, 19, 0, 6, 13, 1031, 807 
0.000000, 1597, 19, 0, 6, 13, 1031, 808 
0.000000, 1597, 19, 0, 6, 13, 1032, 808 
0.000000, 1599, 19, 0, 6, 13, 1032, 809 
0.000000, 1599, 19, 0, 6, 13, 1033, 809 
0.000000, 1601, 19, 0, 6, 13, 1033, 810 
0.000000, 1601, 19, 0, 6, 13, 1034, 810 
0.000000, 1603, 19, 0, 6, 13, 1034, 811 
0.000000, 1603, 19, 0, 6, 13, 1035, 811 
0.000000, 1605, 19, 0, 6, 13, 1035, 812 
0.000000, 1605, 19, 0, 6, 13, 1036, 812 
0.000000, 1607, 19, 0, 6, 13, 1036, 813 
0.000000, 1607, 19, 0, 6, 13, 1037, 813 
0.000000, 1609, 19, 0, 6, 13, 1037, 814 
0.000000, 1609, 19, 0, 6, 13, 1038, 814 
0.000000, 1611, 19, 0, 6, 13, 1038, 815 
0.000000, 1611, 19, 0, 6, 13, 1039, 815 
0.000000, 1611, 19, 0, 6, 13, 1040, 815 
0.000000, 1613, 19, 0, 6, 13, 1040, 816 
0.000000, 1613, 19, 0, 6, 13, 1041, 816 
0.000000, 1615, 19, 0, 6, 13, 1041, 817 
0.000000, 1615, 19, 0, 6, 13, 1042, 817 
0.000000, 1617, 19, 0, 6, 13, 1042, 818 
0.000000, 1617, 19, 0, 6, 13, 1043, 818 
0.000000, 1619, 19, 0, 6, 13, 1043, 819 
0.000000, 1619, 19, 0, 6, 13, 1044, 819 
0.000000, 1621, 19, 0, 6, 13, 1044, 820 
0.000000, 1621, 19, 0, 6, 13, 1045, 820 
0.000000, 1623, 19, 0, 6, 13, 1045, 821 
0.000000, 1623, 19, 0, 6, 13, 1046, 821 
0.000000, 1623, 19, 0, 6, 13, 1047, 821 
0.000000, 1625, 19, 0, 6, 13, 1047, 822 
0.000000, 1625, 19, 0, 6, 13, 1048, 822 
0.000000, 1625, 19, 0, 6, 13, 1049, 822 
0.000000, 1627, 19, 0, 6, 13, 1049, 823 
0.000000, 1627, 19, 0, 6, 13, 1050, 823 
0.000000, 1629, 19, 0, 6, 13, 1050, 824 
0.000000, 1629, 19, 0, 6, 13, 1051, 824 
0.000000, 1631, 19, 0, 6, 13, 1051, 825 
0.000000, 1631, 19, 0, 6, 13, 1052, 825 
0.000000, 1633, 19, 0, 6, 13, 1052, 826 
0.000000, 1633, 19, 0, 6, 13, 1053, 826 
0.000000, 1635, 19, 0, 6, 13, 1053, 827 
0.000000, 1635, 19, 0, 6, 13, 1054, 827 
0.000000, 1637, 19, 0, 6, 13, 1054, 828 
0.000000, 1637, 19, 0, 6, 13, 1055, 828 
0.000000, 1639, 19, 0, 6, 13, 1055, 829 
0.000000, 1639, 19, 0, 6, 13, 1056, 829 
0.000000, 1641, 19, 0, 6, 13, 1056, 830 
0.000000, 1641, 19, 0, 6, 13, 1057, 830 
0.000000, 1643, 19, 0, 6, 13, 1057, 831 
0.000000, 1643, 19, 0, 6, 13, 1058, 831 
0.000000, 1645, 19, 0, 6, 13, 1058, 832 
0.000000, 1645, 19, 0, 6, 13, 1059, 832 
0.000000, 1647, 19, 0, 6, 13, 1059, 833 
0.000000, 1647, 19, 0, 6, 13, 1060, 833 
0.000000, 1647, 19, 0, 6, 13, 1061, 833 
0.000000, 1649, 19, 0, 6, 13, 1061, 834 
0.000000, 1649, 19, 0, 6, 13, 1062, 834 
0.000000, 1651, 19, 0, 6, 13, 1062, 835 
0.000000, 1651, 19, 0, 6, 13, 1063, 835 
0.000000, 1653, 19, 0, 6, 13, 1063, 836 
0.000000, 1653, 19, 0, 6, 13, 1064, 836 
0.000000, 1655, 19, 0, 6, 13, 1064, 837 
0.000000, 1655, 19, 0, 6, 13, 1065, 837 
0.000000, 1657, 19, 0, 6, 13, 1065, 838 
0.000000, 1657, 19, 0, 6, 13, 1066, 838 
0.000000, 1659, 19, 0, 6, 13, 1066, 839 
0.000000, 1659, 19, 0, 6, 13, 1067, 839 
0.000000, 1661, 19, 0, 6, 13, 1067, 840 
0.000000, 1661, 19, 0, 6, 13, 1068, 840 
0.000000, 1661, 19, 0, 6, 13, 1069, 840 
0.000000, 1663, 19, 0, 6, 13, 1069, 841 
0.000000, 1663, 19, 0, 6, 13, 1070, 841 
0.000000, 1665, 19, 0, 6, 13, 1070, 842 
0.000000, 1665, 19, 0, 6, 13, 1071, 842 
0.000000, 1667, 19, 0, 6, 13, 1071, 843 
0.000000, 1667, 19, 0, 6, 13, 1072, 843 
0.000000, 1669, 19, 0, 6, 13, 1072, 844 
0.000000, 1669, 19, 0, 6, 13, 1073, 844 
0.000000, 1669, 19, 0, 6, 13, 1074, 844 
0.000000, 1671, 19, 0, 6, 13, 1074, 845 
0.000000, 1671, 19, 0, 6, 13, 1075, 845 
0.000000, 1673, 19, 0, 6, 13, 1075, 846 
0.000000, 1673, 19, 0, 6, 13, 1076, 846 
0.000000, 1675, 19, 0, 6, 13, 1076, 847 
0.000000, 1675, 19, 0, 6, 13, 1077, 847 
0.000000, 1675, 19, 0, 6, 13, 1078, 847 
0.000000, 1675, 19, 0, 6, 13, 1079, 847 
0.000000, 1677, 19, 0, 6, 13, 1079, 848 
0.000000, 1677, 19, 0, 6, 13, 1080, 848 
0.000000, 1677, 19, 0, 6, 13, 1081, 848 
0.000000, 1679, 19, 0, 6, 13, 1081, 849 
0.000000, 1679, 19, 0, 6, 13, 1082, 849 
0.000000, 1681, 19, 0, 6, 13, 1082, 850 
0.000000, 1681, 19, 0, 6, 13, 1083, 850 
0.000000, 1683, 19, 0, 6, 13, 1083, 851 
0.000000, 1683, 19, 0, 6, 13, 1084, 851 
0.000000, 1685, 19, 0, 6, 13, 1084, 852 
0.000000, 1685, 19, 0, 6, 13, 1085, 852 
0.000000, 1687, 19, 0, 6, 13, 1085, 853 
0.000000, 1687, 19, 0, 6, 13, 1086, 853 
0.000000, 1687, 19, 0, 6, 13, 1087, 853 
0.000000, 1689, 19, 0, 6, 13, 1087, 854 
0.000000, 1689, 19, 0, 6, 13, 1088, 854 
0.000000, 1691, 19, 0, 6, 13, 1088, 855 
0.000000, 1691, 19, 0, 6, 13, 1089, 855 
0.000000, 1693, 19, 0, 6, 13, 1089, 856 
0.000000, 1693, 19, 0, 6, 13, 1090, 856 
0.000000, 1695, 19, 0, 6, 13, 1090, 857 
0.000000, 1695, 19, 0, 6, 13, 1091, 857 
0.000000, 1695, 19, 0, 6, 13, 1092, 857 
0.000000, 1697, 19, 0, 6, 13, 1092, 858 
0.000000, 1697, 19, 0, 6, 13, 1093, 858 
0.000000, 1699, 19, 0, 6, 13, 1093, 859 
0.000000, 1699, 19, 0, 6, 13, 1094, 859 
0.000000, 1701, 19, 0, 6, 13, 1094, 860 
0.000000, 1701, 19, 0, 6, 13, 1095, 860 
0.000000, 1701, 19, 0, 6, 13, 1096, 860 
0.000000, 1703, 19, 0, 6, 13, 1096, 861 
0.000000, 1703, 19, 0, 6, 13, 1097, 861 
0.000000, 1705, 19, 0, 6, 13, 1097, 862 
0.000000, 1705, 19, 0, 6, 13, 1098, 862 
0.000000, 1707, 19, 0, 6, 13, 1098, 863 
0.000000, 1707, 19, 0, 6, 13, 1099, 863 
0.000000, 1709, 19, 0, 6, 13, 1099, 864 
0.000000, 1709, 19, 0, 6, 13, 1100, 864 
0.000000, 1711, 19, 0, 6, 13, 1100, 865 
0.000000, 1711, 19, 0, 6, 13, 1101, 865 
0.000000, 1713, 19, 0, 6, 13, 1101, 866 
0.000000, 1713, 19, 0, 6, 13, 1102, 866 
0.000000, 1715, 19, 0, 6, 13, 1102, 867 
0.000000, 1715, 19, 0, 6, 13, 1103, 867 
0.000000, 1717, 19, 0, 6, 13, 1103, 868 
0.000000, 1717, 19, 0, 6, 13, 1104, 868 
0.000000, 1717, 19, 0, 6, 13, 1105, 868 
0.000000, 1719, 19, 0, 6, 13, 1105, 869 
0.000000, 1719, 19, 0, 6, 13, 1106, 869 
0.000000, 1721, 19, 0, 6, 13, 1106, 870 
0.000000, 1721, 19, 0, 6, 13, 1107, 870 
0.000000, 1723, 19, 0, 6, 13, 1107, 871 
0.000000, 1723, 19, 0, 6, 13, 1108, 871 
0.000000, 1725, 19, 0, 6, 13, 1108, 872 
0.000000, 1724, 20, 0, 6, 14, 1108, 872 
0.000000, 1724, 20, 0, 6, 14, 1109, 872 
0.000000, 1726, 20, 0, 6, 14, 1109, 873 
0.000000, 1726, 20, 0, 6, 14, 1110, 873 
0.000000, 1728, 20, 0, 6, 14, 1110, 874 
0.000000, 1728, 20, 0, 6, 14, 1111, 874 
0.000000, 1730, 20, 0, 6, 14, 1111, 875 
0.000000, 1730, 20, 0, 6, 14, 1112, 875 
0.000000, 1732, 20, 0, 6, 14, 1112, 876 
0.000000, 1732, 20, 0, 6, 14, 1113, 876 
0.000000, 1732, 20, 0, 6, 14, 1114, 876 
0.000000, 1734, 20, 0, 6, 14, 1114, 877 
0.000000, 1734, 20, 0, 6, 14, 1115, 877 
0.000000, 1736, 20, 0, 6, 14, 1115, 878 
0.000000, 1736, 20, 0, 6, 14, 1116, 878 
0.000000, 1736, 20, 0, 6, 14, 1117, 878 
0.000000, 1738, 20, 0, 6, 14, 1117, 879 
0.000000, 1738, 20, 0, 6, 14, 1118, 879 
0.000000, 1740, 20, 0, 6, 14, 1118, 880 
0.000000, 1740, 20, 0, 6, 14, 1119, 880 
0.000000, 1742, 20, 0, 6, 14, 1119, 881 
0.000000, 1742, 20, 0, 6, 14, 1120, 881 
0.000000, 1744, 20, 0, 6, 14, 1120, 882 
0.000000, 1744, 20, 0, 6, 14, 1121, 882 
0.000000, 1744, 20, 0, 6, 14, 1122, 882 
0.000000, 1746, 20, 0, 6, 14, 1122, 883 
0.000000, 1746, 20, 0, 6, 14, 1123, 883 
0.000000, 1748, 20, 0, 6, 14, 1123, 884 
0.000000, 1748, 20, 0, 6, 14, 1124, 884 
0.000000, 1750, 20, 0, 6, 14, 1124, 885 
0.000000, 1750, 20, 0, 6, 14, 1125, 885 
0.000000, 1752, 20, 0, 6, 14, 1125, 886 
0.000000, 1752, 20, 0, 6, 14, 1126, 886 
0.000000, 1754, 20, 0, 6, 14, 1126, 887 
0.000000, 1754, 20, 0, 6, 14, 1127, 887 
0.000000, 1756, 20, 0, 6, 14, 1127, 888 
0.000000, 1756, 20, 0, 6, 14, 1128, 888 
0.000000, 1758, 20, 0, 6, 14, 1128, 889 
0.000000, 1758, 20, 0, 6, 14, 1129, 889 
0.000000, 1760, 20, 0, 6, 14, 1129, 890 
0.000000, 1760, 20, 0, 6, 14, 1130, 890 
0.000000, 1762, 20, 0, 6, 14, 1130, 891 
0.000000, 1762, 20, 0, 6, 14, 1131, 891 
0.000000, 1762, 20, 0, 6, 14, 1132, 891 
0.000000, 1764, 20, 0, 6, 14, 1132, 892 
0.000000, 1764, 20, 0, 6, 14, 1133, 892 
0.000000, 1766, 20, 0, 6, 14, 1133, 893 
0.000000, 1766, 20, 0, 6, 14, 1134, 893 
0.000000, 1768, 20, 0, 6, 14, 1134, 894 
0.000000, 1768, 20, 0, 6, 14, 1135, 894 
0.000000, 1770, 20, 0, 6, 14, 1135, 895 
0.000000, 1770, 20, 0, 6, 14, 1136, 895 
0.000000, 1772, 20, 0, 6, 14, 1136, 896 
0.000000, 1772, 20, 0, 6, 14, 1137, 896 
0.000000, 1772, 20, 0, 6, 14, 1138, 896 
0.000000, 1774, 20, 0, 6, 14, 1138, 897 
0.000000, 1774, 20, 0, 6, 14, 1139, 897 
0.000000, 1776, 20, 0, 6, 14, 1139, 898 
0.000000, 1776, 20, 0, 6, 14, 1140, 898 
0.000000, 1776, 20, 0, 6, 14, 1141, 898 
0.000000, 1776, 20, 0, 6, 14, 1142, 898 
0.000000, 1778, 20, 0, 6, 14, 1142, 899 
0.000000, 1778, 20, 0, 6, 14, 1143, 899 
0.000000, 1780, 20, 0, 6, 14, 1143, 900 
0.000000, 1780, 20, 0, 6, 14, 1144, 900 
0.000000, 1780, 20, 0, 6, 14, 1145, 900 
0.000000, 1780, 20, 0, 6, 14, 1146, 900 
0.000000, 1782, 20, 0, 6, 14, 1146, 901 
0.000000, 1782, 20, 0, 6, 14, 1147, 901 
0.000000, 1784, 20, 0, 6, 14, 1147, 902 
0.000000, 1784, 20, 0, 6, 14, 1148, 902 
0.000000, 1786, 20, 0, 6, 14, 1148, 903 
0.000000, 1786, 20, 0, 6, 14, 1149, 903 
0.000000, 1786, 20, 0, 6, 14, 1150, 903 
0.000000, 1788, 20, 0, 6, 14, 1150, 904 
0.000000, 1788, 20, 0, 6, 14, 1151, 904 
0.000000, 1790, 20, 0, 6, 14, 1151, 905 
0.000000, 1790, 20, 0, 6, 14, 1152, 905 
0.000000, 1792, 20, 0, 6, 14, 1152, 906 
0.000000, 1792, 20, 0, 6, 14, 1153, 906 
0.000000, 1794, 20, 0, 6, 14, 1153, 907 
0.000000, 1794, 20, 0, 6, 14, 1154, 907 
0.000000, 1794, 20, 0, 6, 14, 1155, 907 
0.000000, 1796, 20, 0, 6, 14, 1155, 908 
0.000000, 1796, 20, 0, 6, 14, 1156, 908 
0.000000, 1798, 20, 0, 6, 14, 1156, 909 
0.000000, 1798, 20, 0, 6, 14, 1157, 909 
0.000000, 1800, 20, 0, 6, 14, 1157, 910 
0.000000, 1800, 20, 0, 6, 14, 1158, 910 
0.000000, 1802, 20, 0, 6, 14, 1158, 911 
0.000000, 1802, 20, 0, 6, 14, 1159, 911 
0.000000, 1802, 20, 0, 6, 14, 1160, 911 
0.000000, 1802, 20, 0, 6, 14, 1161, 911 
0.000000, 1804, 20, 0, 6, 14, 1161, 912 
0.000000, 1804, 20, 0, 6, 14, 1162, 912 
0.000000, 1806, 20, 0, 6, 14, 1162, 913 
0.000000, 1806, 20, 0, 6, 14, 1163, 913 
0.000000, 1808, 20, 0, 6, 14, 1163, 914 
0.000000, 1808, 20, 0, 6, 14, 1164, 914 
0.000000, 1810, 20, 0, 6, 14, 1164, 915 
0.000000, 1809, 21, 0, 7, 14, 1164, 915 
0.000000, 1809, 21, 0, 7, 14, 1165, 915 
0.000000, 1811, 21, 0, 7, 14, 1165, 916 
0.000000, 1811, 21, 0, 7, 14, 1166, 916 
0.000000, 1813, 21, 0, 7, 14, 1166, 917 
0.000000, 1813, 21, 0, 7, 14, 1167, 917 
0.000000, 1815, 21, 0, 7, 14, 1167, 918 
0.000000, 1815, 21, 0, 7, 14, 1168, 918 
0.000000, 1817, 21, 0, 7, 14, 1168, 919 
0.000000, 1817, 21, 0, 7, 14, 1169, 919 
0.000000, 1819, 21, 0, 7, 14, 1169, 920 
0.000000, 1819, 21, 0, 7, 14, 1170, 920 
0.000000, 1819, 21, 0, 7, 14, 1171, 920 
0.000000, 1821, 21, 0, 7, 14, 1171, 921 
0.000000, 1821, 21, 0, 7, 14, 1172, 921 
0.000000, 1823, 21, 0, 7, 14, 1172, 922 
0.000000, 1823, 21, 0, 7, 14, 1173, 922 
0.000000, 1825, 21, 0, 7, 14, 1173, 923 
0.000000, 1825, 21, 0, 7, 14, 1174, 923 
0.000000, 1825, 21, 0, 7, 14, 1175, 923 
0.000000, 1827, 21, 0, 7, 14, 1175, 924 
0.000000, 1827, 21, 0, 7, 14, 1176, 924 
0.000000, 1829, 21, 0, 7, 14, 1176, 925 
0.000000, 1829, 21, 0, 7, 14, 1177, 925 
0.000000, 1831, 21, 0, 7, 14, 1177, 926 
0.000000, 1831, 21, 0, 7, 14, 1178, 926 
0.000000, 1833, 21, 0, 7, 14, 1178, 927 
0.000000, 1833, 21, 0, 7, 14, 1179, 927 
0.000000, 1835, 21, 0, 7, 14, 1179, 928 
0.000000, 1835, 21, 0, 7, 14, 1180, 928 
0.000000, 1837, 21, 0, 7, 14, 1180, 929 
0.000000, 1837, 21, 0, 7, 14, 1181, 929 
0.000000, 1837, 21, 0, 7, 14, 1182, 929 
0.000000, 1839, 21, 0, 7, 14, 1182, 930 
0.000000, 1839, 21, 0, 7, 14, 1183, 930 
0.000000, 1841, 21, 0, 7, 14, 1183, 931 
0.000000, 1841, 21, 0, 7, 14, 1184, 931 
0.000000, 1843, 21, 0, 7, 14, 1184, 932 
0.000000, 1843, 21, 0, 7, 14, 1185, 932 
0.000000, 1843, 21, 0, 7, 14, 1186, 932 
0.000000, 1845, 21, 0, 7, 14, 1186, 933 
0.000000, 1845, 21, 0, 7, 14, 1187, 933 
0.000000, 1847, 21, 0, 7, 14, 1187, 934 
0.000000, 1847, 21, 0, 7, 14, 1188, 934 
0.000000, 1849, 21, 0, 7, 14, 1188, 935 
0.000000, 1849, 21, 0, 7, 14, 1189, 935 
0.000000, 1851, 21, 0, 7, 14, 1189, 936 
0.000000, 1851, 21, 0, 7, 14, 1190, 936 
0.000000, 1853, 21, 0, 7, 14, 1190, 937 
0.000000, 1853, 21, 0, 7, 14, 1191, 937 
0.000000, 1855, 21, 0, 7, 14, 1191, 938 
0.000000, 1855, 21, 0, 7, 14, 1192, 938 
0.000000, 1857, 21, 0, 7, 14, 1192, 939 
0.000000, 1857, 21, 0, 7, 14, 1193, 939 
0.000000, 1859, 21, 0, 7, 14, 1193, 940 
0.000000, 1859, 21, 0, 7, 14, 1194, 940 
0.000000, 1861, 21, 0, 7, 14, 1194, 941 
0.000000, 1861, 21, 0, 7, 14, 1195, 941 
0.000000, 1863, 21, 0, 7, 14, 1195, 942 
0.000000, 1863, 21, 0, 7, 14, 1196, 942 
0.000000, 1865, 21, 0, 7, 14, 1196, 943 
0.000000, 1865, 21, 0, 7, 14, 1197, 943 
0.000000, 1867, 21, 0, 7, 14, 1197, 944 
0.000000, 1867, 21, 0, 7, 14, 1198, 944 
0.000000, 1869, 21, 0, 7, 14, 1198, 945 
0.000000, 1869, 21, 0, 7, 14, 1199, 945 
0.000000, 1871, 21, 0, 7, 14, 1199, 946 
0.000000, 1871, 21, 0, 7, 14, 1200, 946 
0.000000, 1873, 21, 0, 7, 14, 1200, 947 
0.000000, 1873, 21, 0, 7, 14, 1201, 947 
0.000000, 1875, 21, 0, 7, 14, 1201, 948 
0.000000, 1875, 21, 0, 7, 14, 1202, 948 
0.000000, 1875, 21, 0, 7, 14, 1203, 948 
0.000000, 1877, 21, 0, 7, 14, 1203, 949 
0.000000, 1877, 21, 0, 7, 14, 1204, 949 
0.000000, 1879, 21, 0, 7, 14, 1204, 950 
0.000000, 1879, 21, 0, 7, 14, 1205, 950 
0.000000, 1879, 21, 0, 7, 14, 1206, 950 
0.000000, 1881, 21, 0, 7, 14, 1206, 951 
0.000000, 1881, 21, 0, 7, 14, 1207, 951 
0.000000, 1883, 21, 0, 7, 14, 1207, 952 
0.000000, 1883, 21, 0, 7, 14, 1208, 952 
0.000000, 1883, 21, 0, 7, 14, 1209, 952 
0.000000, 1883, 21, 0, 7, 14, 1210, 952 
0.000000, 1885, 21, 0, 7, 14, 1210, 953 
0.000000, 1885, 21, 0, 7, 14, 1211, 953 
0.000000, 1887, 21, 0, 7, 14, 1211, 954 
0.000000, 1887, 21, 0, 7, 14, 1212, 954 
0.000000, 1889, 21, 0, 7, 14, 1212, 955 
0.000000, 1889, 21, 0, 7, 14, 1213, 955 
0.000000, 1891, 21, 0, 7, 14, 1213, 956 
0.000000, 1891, 21, 0, 7, 14, 1214, 956 
0.000000, 1893, 21, 0, 7, 14, 1214, 957 
0.000000, 1893, 21, 0, 7, 14, 1215, 957 
0.000000, 1895, 21, 0, 7, 14, 1215, 958 
0.000000, 1895, 21, 0, 7, 14, 1216, 958 
0.000000, 1897, 21, 0, 7, 14, 1216, 959 
0.000000, 1897, 21, 0, 7, 14, 1217, 959 
0.000000, 1899, 21, 0, 7, 14, 1217, 960 
0.000000, 1899, 21, 0, 7, 14, 1218, 960 
0.000000, 1901, 21, 0, 7, 14, 1218, 961 
0.000000, 1901, 21, 0, 7, 14, 1219, 961 
0.000000, 1901, 21, 0, 7, 14, 1220, 961 
0.000000, 1901, 21, 0, 7, 14, 1221, 961 
0.000000, 1903, 21, 0, 7, 14, 1221, 962 
0.000000, 1903, 21, 0, 7, 14, 1222, 962 
0.000000, 1905, 21, 0, 7, 14, 1222, 963 
0.000000, 1905, 21, 0, 7, 14, 1223, 963 
0.000000, 1907, 21, 0, 7, 14, 1223, 964 
0.000000, 1907, 21, 0, 7, 14, 1224, 964 
0.000000, 1909, 21, 0, 7, 14, 1224, 965 
0.000000, 1909, 21, 0, 7, 14, 1225, 965 
0.000000, 1911, 21, 0, 7, 14, 1225, 966 
0.000000, 1911, 21, 0, 7, 14, 1226, 966 
0.000000, 1913, 21, 0, 7, 14, 1226, 967 
0.000000, 1913, 21, 0, 7, 14, 1227, 967 
0.000000, 1915, 21, 0, 7, 14, 1227, 968 
0.000000, 1915, 21, 0, 7, 14, 1228, 968 
0.000000, 1917, 21, 0, 7, 14, 1228, 969 
0.000000, 1917, 21, 0, 7, 14, 1229, 969 
0.000000, 1919, 21, 0, 7, 14, 1229, 970 
0.000000, 1919, 21, 0, 7, 14, 1230, 970 
0.000000, 1921, 21, 0, 7, 14, 1230, 971 
0.000000, 1921, 21, 0, 7, 14, 1231, 971 
0.000000, 1923, 21, 0, 7, 14, 1231, 972 
0.000000, 1923, 21, 0, 7, 14, 1232, 972 
0.000000, 1925, 21, 0, 7, 14, 1232, 973 
0.000000, 1925, 21, 0, 7, 14, 1233, 973 
0.000000, 1925, 21, 0, 7, 14, 1234, 973 
0.000000, 1927, 21, 0, 7, 14, 1234, 974 
0.000000, 1927, 21, 0, 7, 14, 1235, 974 
0.000000, 1929, 21, 0, 7, 14, 1235, 975 
0.000000, 1929, 21, 0, 7, 14, 1236, 975 
0.000000, 1931, 21, 0, 7, 14, 1236, 976 
0.000000, 1931, 21, 0, 7, 14, 1237, 976 
0.000000, 1933, 21, 0, 7, 14, 1237, 977 
0.000000, 1933, 21, 0, 7, 14, 1238, 977 
0.000000, 1935, 21, 0, 7, 14, 1238, 978 
0.000000, 1935, 21, 0, 7, 14, 1239, 978 
0.000000, 1937, 21, 0, 7, 14, 1239, 979 
0.000000, 1937, 21, 0, 7, 14, 1240, 979 
0.000000, 1939, 21, 0, 7, 14, 1240, 980 
0.000000, 1939, 21, 0, 7, 14, 1241, 980 
0.000000, 1941, 21, 0, 7, 14, 1241, 981 
0.000000, 1941, 21, 0, 7, 14, 1242, 981 
0.000000, 1943, 21, 0, 7, 14, 1242, 982 
0.000000, 1943, 21, 0, 7, 14, 1243, 982 
0.000000, 1945, 21, 0, 7, 14, 1243, 983 
0.000000, 1945, 21, 0, 7, 14, 1244, 983 
0.000000, 1947, 21, 0, 7, 14, 1244, 984 
0.000000, 1947, 21, 0, 7, 14, 1245, 984 
0.000000, 1949, 21, 0, 7, 14, 1245, 985 
0.000000, 1949, 21, 0, 7, 14, 1246, 985 
0.000000, 1951, 21, 0, 7, 14, 1246, 986 
0.000000, 1951, 21, 0, 7, 14, 1247, 986 
0.000000, 1953, 21, 0, 7, 14, 1247, 987 
0.000000, 1953, 21, 0, 7, 14, 1248, 987 
0.000000, 1955, 21, 0, 7, 14, 1248, 988 
0.000000, 1955, 21, 0, 7, 14, 1249, 988 
0.000000, 1957, 21, 0, 7, 14, 1249, 989 
0.000000, 1957, 21, 0, 7, 14, 1250, 989 
0.000000, 1959, 21, 0, 7, 14, 1250, 990 
0.000000, 1959, 21, 0, 7, 14, 1251, 990 
0.000000, 1961, 21, 0, 7, 14, 1251, 991 
0.000000, 1961, 21, 0, 7, 14, 1252, 991 
0.000000, 1963, 21, 0, 7, 14, 1252, 992 
0.000000, 1963, 21, 0, 7, 14, 1253, 992 
0.000000, 1965, 21, 0, 7, 14, 1253, 993 
0.000000, 1965, 21, 0, 7, 14, 1254, 993 
0.000000, 1967, 21, 0, 7, 14, 1254, 994 
0.000000, 1967, 21, 0, 7, 14, 1255, 994 
0.000000, 1969, 21, 0, 7, 14, 1255, 995 
0.000000, 1969, 21, 0, 7, 14, 1256, 995 
0.000000, 1971, 21, 0, 7, 14, 1256, 996 
0.000000, 1971, 21, 0, 7, 14, 1257, 996 
0.000000, 1973, 21, 0, 7, 14, 1257, 997 
0.000000, 1973, 21, 0, 7, 14, 1258, 997 
0.000000, 1975, 21, 0, 7, 14, 1258, 998 
0.000000, 1975, 21, 0, 7, 14, 1259, 998 
0.000000, 1977, 21, 0, 7, 14, 1259, 999 
0.000000, 1977, 21, 0, 7, 14, 1260, 999 
0.000000, 1979, 21, 0, 7, 14, 1260, 1000 
0.000000, 1979, 21, 0, 7, 14, 1261, 1000 
0.000000, 1981, 21, 0, 7, 14, 1261, 1001 
0.000000, 1980, 22, 0, 7, 15, 1261, 1001 
0.000000, 1980, 22, 0, 7, 15, 1262, 1001 
0.000000, 1982, 22, 0, 7, 15, 1262, 1002 
0.000000, 1981, 23, 0, 7, 16, 1262, 1002 
0.000000, 1981, 23, 0, 7, 16, 1263, 1002 
0.000000, 1983, 23, 0, 7, 16, 1263, 1003 
0.000000, 1983, 23, 0, 7, 16, 1264, 1003 
0.000000, 1985, 23, 0, 7, 16, 1264, 1004 
0.000000, 1985, 23, 0, 7, 16, 1265, 1004 
0.000000, 1987, 23, 0, 7, 16, 1265, 1005 
0.000000, 1987, 23, 0, 7, 16, 1266, 1005 
0.000000, 1989, 23, 0, 7, 16, 1266, 1006 
0.000000, 1989, 23, 0, 7, 16, 1267, 1006 
0.000000, 1991, 23, 0, 7, 16, 1267, 1007 
0.000000, 1991, 23, 0, 7, 16, 1268, 1007 
0.000000, 1993, 23, 0, 7, 16, 1268, 1008 
0.000000, 1993, 23, 0, 7, 16, 1269, 1008 
0.000000, 1995, 23, 0, 7, 16, 1269, 1009 
0.000000, 1995, 23, 0, 7, 16, 1270, 1009 
0.000000, 1995, 23, 0, 7, 16, 1271, 1009 
0.000000, 1997, 23, 0, 7, 16, 1271, 1010 
0.000000, 1997, 23, 0, 7, 16, 1272, 1010 
0.000000, 1999, 23, 0, 7, 16, 1272, 1011 
0.000000, 1999, 23, 0, 7, 16, 1273, 1011 
0.000000, 2001, 23, 0, 7, 16, 1273, 1012 
0.000000, 2001, 23, 0, 7, 16, 1274, 1012 
0.000000, 2001, 23, 0, 7, 16, 1275, 1012 
0.000000, 2003, 23, 0, 7, 16, 1275, 1013 
0.000000, 2003, 23, 0, 7, 16, 1276, 1013 
0.000000, 2003, 23, 0, 7, 16, 1277, 1013 
0.000000, 2005, 23, 0, 7, 16, 1277, 1014 
0.000000, 2005, 23, 0, 7, 16, 1278, 1014 
0.000000, 2005, 23, 0, 7, 16, 1279, 1014 
0.000000, 2007, 23, 0, 7, 16, 1279, 1015 
0.000000, 2007, 23, 0, 7, 16, 1280, 1015 
0.000000, 2007, 23, 0, 7, 16, 1281, 1015 
0.000000, 2009, 23, 0, 7, 16, 1281, 1016 
0.000000, 2009, 23, 0, 7, 16, 1282, 1016 
0.000000, 2011, 23, 0, 7, 16, 1282, 1017 
0.000000, 2011, 23, 0, 7, 16, 1283, 1017 
0.000000, 2011, 23, 0, 7, 16, 1284, 1017 
0.000000, 2011, 23, 0, 7, 16, 1285, 1017 
0.000000, 2011, 23, 0, 7, 16, 1286, 1017 
0.000000, 2011, 23, 0, 7, 16, 1287, 1017 
0.000000, 2013, 23, 0, 7, 16, 1287, 1018 
0.000000, 2013, 23, 0, 7, 16, 1288, 1018 
0.000000, 2015, 23, 0, 7, 16, 1288, 1019 
0.000000, 2015, 23, 0, 7, 16, 1289, 1019 
0.000000, 2017, 23, 0, 7, 16, 1289, 1020 
0.000000, 2017, 23, 0, 7, 16, 1290, 1020 
0.000000, 2019, 23, 0, 7, 16, 1290, 1021 
0.000000, 2019, 23, 0, 7, 16, 1291, 1021 
0.000000, 2021, 23, 0, 7, 16, 1291, 1022 
0.000000, 2021, 23, 0, 7, 16, 1292, 1022 
0.000000, 2023, 23, 0, 7, 16, 1292, 1023 
0.000000, 2023, 23, 0, 7, 16, 1293, 1023 
0.000000, 2025, 23, 0, 7, 16, 1293, 1024 
0.000000, 2025, 23, 0, 7, 16, 1294, 1024 
0.000000, 2027, 23, 0, 7, 16, 1294, 1025 
0.000000, 2027, 23, 0, 7, 16, 1295, 1025 
0.000000, 2029, 23, 0, 7, 16, 1295, 1026 
0.000000, 2029, 23, 0, 7, 16, 1296, 1026 
0.000000, 2031, 23, 0, 7, 16, 1296, 1027 
0.000000, 2031, 23, 0, 7, 16, 1297, 1027 
0.000000, 2033, 23, 0, 7, 16, 1297, 1028 
0.000000, 2033, 23, 0, 7, 16, 1298, 1028 
0.000000, 2035, 23, 0, 7, 16, 1298, 1029 
0.000000, 2035, 23, 0, 7, 16, 1299, 1029 
0.000000, 2037, 23, 0, 7, 16, 1299, 1030 
0.000000, 2037, 23, 0, 7, 16, 1300, 1030 
0.000000, 2039, 23, 0, 7, 16, 1300, 1031 
0.000000, 2039, 23, 0, 7, 16, 1301, 1031 
0.000000, 2039, 23, 0, 7, 16, 1302, 1031 
0.000000, 2041, 23, 0, 7, 16, 1302, 1032 
0.000000, 2041, 23, 0, 7, 16, 1303, 1032 
0.000000, 2043, 23, 0, 7, 16, 1303, 1033 
0.000000, 2043, 23, 0, 7, 16, 1304, 1033 
0.000000, 2045, 23, 0, 7, 16, 1304, 1034 
0.000000, 2045, 23, 0, 7, 16, 1305, 1034 
0.000000, 2047, 23, 0, 7, 16, 1305, 1035 
0.000000, 2047, 23, 0, 7, 16, 1306, 1035 
0.000000, 2049, 23, 0, 7, 16, 1306, 1036 
0.000000, 2049, 23, 0, 7, 16, 1307, 1036 
0.000000, 2049, 23, 0, 7, 16, 1308, 1036 
0.000000, 2049, 23, 0, 7, 16, 1309, 1036 
0.000000, 2051, 23, 0, 7, 16, 1309, 1037 
0.000000, 2051, 23, 0, 7, 16, 1310, 1037 
0.000000, 2053, 23, 0, 7, 16, 1310, 1038 
0.000000, 2053, 23, 0, 7, 16, 1311, 1038 
0.000000, 2055, 23, 0, 7, 16, 1311, 1039 
0.000000, 2055, 23, 0, 7, 16, 1312, 1039 
0.000000, 2055, 23, 0, 7, 16, 1313, 1039 
0.000000, 2057, 23, 0, 7, 16, 1313, 1040 
0.000000, 2057, 23, 0, 7, 16, 1314, 1040 
0.000000, 2059, 23, 0, 7, 16, 1314, 1041 
0.000000, 2059, 23, 0, 7, 16, 1315, 1041 
0.000000, 2061, 23, 0, 7, 16, 1315, 1042 
0.000000, 2061, 23, 0, 7, 16, 1316, 1042 
0.000000, 2063, 23, 0, 7, 16, 1316, 1043 
0.000000, 2063, 23, 0, 7, 16, 1317, 1043 
0.000000, 2063, 23, 0, 7, 16, 1318, 1043 
0.000000, 2065, 23, 0, 7, 16, 1318, 1044 
0.000000, 2064, 24, 0, 8, 16, 1318, 1044 
0.000000, 2064, 24, 0, 8, 16, 1319, 1044 
0.000000, 2066, 24, 0, 8, 16, 1319, 1045 
0.000000, 2066, 24, 0, 8, 16, 1320, 1045 
0.000000, 2068, 24, 0, 8, 16, 1320, 1046 
0.000000, 2068, 24, 0, 8, 16, 1321, 1046 
0.000000, 2070, 24, 0, 8, 16, 1321, 1047 
0.000000, 2070, 24, 0, 8, 16, 1322, 1047 
0.000000, 2072, 24, 0, 8, 16, 1322, 1048 
0.000000, 2072, 24, 0, 8, 16, 1323, 1048 
0.000000, 2074, 24, 0, 8, 16, 1323, 1049 
0.000000, 2074, 24, 0, 8, 16, 1324, 1049 
0.000000, 2076, 24, 0, 8, 16, 1324, 1050 
0.000000, 2076, 24, 0, 8, 16, 1325, 1050 
0.000000, 2078, 24, 0, 8, 16, 1325, 1051 
0.000000, 2078, 24, 0, 8, 16, 1326, 1051 
0.000000, 2080, 24, 0, 8, 16, 1326, 1052 
0.000000, 2080, 24, 0, 8, 16, 1327, 1052 
0.000000, 2082, 24, 0, 8, 16, 1327, 1053 
0.000000, 2082, 24, 0, 8, 16, 1328, 1053 
0.000000, 2084, 24, 0, 8, 16, 1328, 1054 
0.000000, 2084, 24, 0, 8, 16, 1329, 1054 
0.000000, 2086, 24, 0, 8, 16, 1329, 1055 
0.000000, 2086, 24, 0, 8, 16, 1330, 1055 
0.000000, 2088, 24, 0, 8, 16, 1330, 1056 
0.000000, 2088, 24, 0, 8, 16, 1331, 1056 
0.000000, 2090, 24, 0, 8, 16, 1331, 1057 
0.000000, 2090, 24, 0, 8, 16, 1332, 1057 
0.000000, 2092, 24, 0, 8, 16, 1332, 1058 
0.000000, 2092, 24, 0, 8, 16, 1333, 1058 
0.000000, 2094, 24, 0, 8, 16, 1333, 1059 
0.000000, 2094, 24, 0, 8, 16, 1334, 1059 
0.000000, 2096, 24, 0, 8, 16, 1334, 1060 
0.000000, 2096, 24, 0, 8, 16, 1335, 1060 
0.000000, 2098, 24, 0, 8, 16, 1335, 1061 
0.000000, 2098, 24, 0, 8, 16, 1336, 1061 
0.000000, 2100, 24, 0, 8, 16, 1336, 1062 
0.000000, 2100, 24, 0, 8, 16, 1337, 1062 
0.000000, 2102, 24, 0, 8, 16, 1337, 1063 
0.000000, 2102, 24, 0, 8, 16, 1338, 1063 
0.000000, 2102, 24, 0, 8, 16, 1339, 1063 
0.000000, 2104, 24, 0, 8, 16, 1339, 1064 
0.000000, 2104, 24, 0, 8, 16, 1340, 1064 
0.000000, 2106, 24, 0, 8, 16, 1340, 1065 
0.000000, 2105, 25, 0, 8, 17, 1340, 1065 
0.000000, 2105, 25, 0, 8, 17, 1341, 1065 
0.000000, 2107, 25, 0, 8, 17, 1341, 1066 
0.000000, 2107, 25, 0, 8, 17, 1342, 1066 
0.000000, 2109, 25, 0, 8, 17, 1342, 1067 
0.000000, 2109, 25, 0, 8, 17, 1343, 1067 
0.000000, 2111, 25, 0, 8, 17, 1343, 1068 
0.000000, 2111, 25, 0, 8, 17, 1344, 1068 
0.000000, 2113, 25, 0, 8, 17, 1344, 1069 
0.000000, 2113, 25, 0, 8, 17, 1345, 1069 
0.000000, 2115, 25, 0, 8, 17, 1345, 1070 
0.000000, 2115, 25, 0, 8, 17, 1346, 1070 
0.000000, 2117, 25, 0, 8, 17, 1346, 1071 
0.000000, 2117, 25, 0, 8, 17, 1347, 1071 
0.000000, 2119, 25, 0, 8, 17, 1347, 1072 
0.000000, 2119, 25, 0, 8, 17, 1348, 1072 
0.000000, 2121, 25, 0, 8, 17, 1348, 1073 
0.000000, 2121, 25, 0, 8, 17, 1349, 1073 
0.000000, 2123, 25, 0, 8, 17, 1349, 1074 
0.000000, 2123, 25, 0, 8, 17, 1350, 1074 
0.000000, 2125, 25, 0, 8, 17, 1350, 1075 
0.000000, 2125, 25, 0, 8, 17, 1351, 1075 
0.000000, 2127, 25, 0, 8, 17, 1351, 1076 
0.000000, 2127, 25, 0, 8, 17, 1352, 1076 
0.000000, 2127, 25, 0, 8, 17, 1353, 1076 
0.000000, 2127, 25, 0, 8, 17, 1354, 1076 
0.000000, 2129, 25, 0, 8, 17, 1354, 1077 
0.000000, 2129, 25, 0, 8, 17, 1355, 1077 
0.000000, 2129, 25, 0, 8, 17, 1356, 1077 
0.000000, 2131, 25, 0, 8, 17, 1356, 1078 
0.000000, 2131, 25, 0, 8, 17, 1357, 1078 
0.000000, 2131, 25, 0, 8, 17, 1358, 1078 
0.000000, 2131, 25, 0, 8, 17, 1359, 1078 
0.000000, 2133, 25, 0, 8, 17, 1359, 1079 
0.000000, 2133, 25, 0, 8, 17, 1360, 1079 
0.000000, 2135, 25, 0, 8, 17, 1360, 1080 
0.000000, 2135, 25, 0, 8, 17, 1361, 1080 
0.000000, 2137, 25, 0, 8, 17, 1361, 1081 
0.000000, 2137, 25, 0, 8, 17, 1362, 1081 
0.000000, 2139, 25, 0, 8, 17, 1362, 1082 
0.000000, 2139, 25, 0, 8, 17, 1363, 1082 
0.000000, 2141, 25, 0, 8, 17, 1363, 1083 
0.000000, 2141, 25, 0, 8, 17, 1364, 1083 
0.000000, 2143, 25, 0, 8, 17, 1364, 1084 
0.000000, 2143, 25, 0, 8, 17, 1365, 1084 
0.000000, 2145, 25, 0, 8, 17, 1365, 1085 
0.000000, 2145, 25, 0, 8, 17, 1366, 1085 
0.000000, 2147, 25, 0, 8, 17, 1366, 1086 
0.000000, 2146, 26, 0, 8, 18, 1366, 1086 
0.000000, 2146, 26, 0, 8, 18, 1367, 1086 
0.000000, 2148, 26, 0, 8, 18, 1367, 1087 
0.000000, 2148, 26, 0, 8, 18, 1368, 1087 
0.000000, 2150, 26, 0, 8, 18, 1368, 1088 
0.000000, 2149, 27, 0, 9, 18, 1368, 1088 
0.000000, 2149, 27, 0, 9, 18, 1369, 1088 
0.000000, 2151, 27, 0, 9, 18, 1369, 1089 
0.000000, 2151, 27, 0, 9, 18, 1370, 1089 
0.000000, 2153, 27, 0, 9, 18, 1370, 1090 
0.000000, 2153, 27, 0, 9, 18, 1371, 1090 
0.000000, 2155, 27, 0, 9, 18, 1371, 1091 
0.000000, 2155, 27, 0, 9, 18, 1372, 1091 
0.000000, 2157, 27, 0, 9, 18, 1372, 1092 
0.000000, 2157, 27, 0, 9, 18, 1373, 1092 
0.000000, 2159, 27, 0, 9, 18, 1373, 1093 
0.000000, 2159, 27, 0, 9, 18, 1374, 1093 
0.000000, 2161, 27, 0, 9, 18, 1374, 1094 
0.000000, 2161, 27, 0, 9, 18, 1375, 1094 
0.000000, 2163, 27, 0, 9, 18, 1375, 1095 
0.000000, 2163, 27, 0, 9, 18, 1376, 1095 
0.000000, 2165, 27, 0, 9, 18, 1376, 1096 
0.000000, 2165, 27, 0, 9, 18, 1377, 1096 
0.000000, 2167, 27, 0, 9, 18, 1377, 1097 
0.000000, 2167, 27, 0, 9, 18, 1378, 1097 
0.000000, 2167, 27, 0, 9, 18, 1379, 1097 
0.000000, 2167, 27, 0, 9, 18, 1380, 1097 
0.000000, 2169, 27, 0, 9, 18, 1380, 1098 
0.000000, 2169, 27, 0, 9, 18, 1381, 1098 
0.000000, 2169, 27, 0, 9, 18, 1382, 1098 
0.000000, 2171, 27, 0, 9, 18, 1382, 1099 
0.000000, 2171, 27, 0, 9, 18, 1383, 1099 
0.000000, 2173, 27, 0, 9, 18, 1383, 1100 
0.000000, 2173, 27, 0, 9, 18, 1384, 1100 
0.000000, 2175, 27, 0, 9, 18, 1384, 1101 
0.000000, 2175, 27, 0, 9, 18, 1385, 1101 
0.000000, 2177, 27, 0, 9, 18, 1385, 1102 
0.000000, 2177, 27, 0, 9, 18, 1386, 1102 
0.000000, 2179, 27, 0, 9, 18, 1386, 1103 
0.000000, 2179, 27, 0, 9, 18, 1387, 1103 
0.000000, 2181, 27, 0, 9, 18, 1387, 1104 
0.000000, 2181, 27, 0, 9, 18, 1388, 1104 
0.000000, 2183, 27, 0, 9, 18, 1388, 1105 
0.000000, 2183, 27, 0, 9, 18, 1389, 1105 
0.000000, 2185, 27, 0, 9, 18, 1389, 1106 
0.000000, 2185, 27, 0, 9, 18, 1390, 1106 
0.000000, 2187, 27, 0, 9, 18, 1390, 1107 
0.000000, 2186, 28, 0, 10, 18, 1390, 1107 
0.000000, 2186, 28, 0, 10, 18, 1391, 1107 
0.000000, 2188, 28, 0, 10, 18, 1391, 1108 
0.000000, 2188, 28, 0, 10, 18, 1392, 1108 
0.000000, 2190, 28, 0, 10, 18, 1392, 1109 
0.000000, 2190, 28, 0, 10, 18, 1393, 1109 
0.000000, 2192, 28, 0, 10, 18, 1393, 1110 
0.000000, 2192, 28, 0, 10, 18, 1394, 1110 
0.000000, 2194, 28, 0, 10, 18, 1394, 1111 
0.000000, 2194, 28, 0, 10, 18, 1395, 1111 
0.000000, 2196, 28, 0, 10, 18, 1395, 1112 
0.000000, 2196, 28, 0, 10, 18, 1396, 1112 
0.000000, 2196, 28, 0, 10, 18, 1397, 1112 
0.000000, 2198, 28, 0, 10, 18, 1397, 1113 
0.00